"header_name","data_name"
"PLAYER",""
"TEAM",""
"DATE",""
"MATCHUP",""
"W/L",""
"MIN",""
"PTS",""
"FGM",""
"FGA",""
"FG%",""
"3PM",""
"3PA",""
"3P%",""
"FTM",""
"FTA",""
"FT%",""
"OREB",""
"DREB",""
"REB",""
"AST",""
"STL",""
"BLK",""
"TOV",""
"PF",""
"+/-",""
"","Edmond Sumner"
"","IND"
"","08/18/2020"
"","IND vs. MIA"
"","L"
"","27"
"","6"
"","2"
"","4"
"","50.0"
"","0"
"","1"
"","0.0"
"","2"
"","2"
"","100.0"
"","1"
"","5"
"","6"
"","0"
"","0"
"","0"
"","1"
"","3"
"","-6"
"","George Hill"
"","MIL"
"","08/18/2020"
"","MIL vs. ORL"
"","L"
"","27"
"","16"
"","5"
"","9"
"","55.6"
"","2"
"","4"
"","50.0"
"","4"
"","5"
"","80.0"
"","0"
"","2"
"","2"
"","5"
"","1"
"","0"
"","1"
"","1"
"","-11"
"","Victor Oladipo"
"","IND"
"","08/18/2020"
"","IND vs. MIA"
"","L"
"","9"
"","4"
"","0"
"","2"
"","0.0"
"","0"
"","1"
"","0.0"
"","4"
"","4"
"","100.0"
"","0"
"","0"
"","0"
"","0"
"","1"
"","0"
"","1"
"","1"
"","2"
"","Goran Dragic"
"","MIA"
"","08/18/2020"
"","MIA @ IND"
"","W"
"","34"
"","24"
"","9"
"","19"
"","47.4"
"","4"
"","9"
"","44.4"
"","2"
"","2"
"","100.0"
"","2"
"","4"
"","6"
"","5"
"","1"
"","0"
"","1"
"","2"
"","20"
"","T.J. Warren"
"","IND"
"","08/18/2020"
"","IND vs. MIA"
"","L"
"","38"
"","22"
"","9"
"","18"
"","50.0"
"","4"
"","5"
"","80.0"
"","0"
"","0"
"","-"
"","2"
"","6"
"","8"
"","3"
"","4"
"","0"
"","2"
"","4"
"","-13"
"","Evan Fournier"
"","ORL"
"","08/18/2020"
"","ORL @ MIL"
"","W"
"","36"
"","9"
"","3"
"","8"
"","37.5"
"","3"
"","7"
"","42.9"
"","0"
"","0"
"","-"
"","0"
"","3"
"","3"
"","5"
"","0"
"","0"
"","3"
"","4"
"","9"
"","Justin Holiday"
"","IND"
"","08/18/2020"
"","IND vs. MIA"
"","L"
"","32"
"","11"
"","4"
"","4"
"","100.0"
"","3"
"","3"
"","100.0"
"","0"
"","0"
"","-"
"","1"
"","2"
"","3"
"","0"
"","0"
"","1"
"","2"
"","4"
"","1"
"","Brook Lopez"
"","MIL"
"","08/18/2020"
"","MIL vs. ORL"
"","L"
"","30"
"","5"
"","2"
"","9"
"","22.2"
"","0"
"","4"
"","0.0"
"","1"
"","2"
"","50.0"
"","2"
"","2"
"","4"
"","1"
"","1"
"","1"
"","1"
"","2"
"","-11"
"","D.J. Augustin"
"","ORL"
"","08/18/2020"
"","ORL @ MIL"
"","W"
"","23"
"","11"
"","3"
"","11"
"","27.3"
"","1"
"","4"
"","25.0"
"","4"
"","4"
"","100.0"
"","0"
"","3"
"","3"
"","11"
"","1"
"","0"
"","2"
"","0"
"","4"
"","Michael Frazier"
"","HOU"
"","08/18/2020"
"","HOU vs. OKC"
"","W"
"","2"
"","0"
"","0"
"","0"
"","-"
"","0"
"","0"
"","-"
"","0"
"","0"
"","-"
"","0"
"","0"
"","0"
"","0"
"","0"
"","0"
"","0"
"","0"
"","-2"
"","Terrence Ross"
"","ORL"
"","08/18/2020"
"","ORL @ MIL"
"","W"
"","28"
"","18"
"","7"
"","13"
"","53.8"
"","0"
"","3"
"","0.0"
"","4"
"","4"
"","100.0"
"","0"
"","6"
"","6"
"","1"
"","1"
"","0"
"","1"
"","5"
"","19"
"","Nerlens Noel"
"","OKC"
"","08/18/2020"
"","OKC @ HOU"
"","L"
"","8"
"","2"
"","1"
"","3"
"","33.3"
"","0"
"","0"
"","-"
"","0"
"","0"
"","-"
"","1"
"","0"
"","1"
"","0"
"","0"
"","1"
"","0"
"","4"
"","-11"
"","Khem Birch"
"","ORL"
"","08/18/2020"
"","ORL @ MIL"
"","W"
"","14"
"","4"
"","1"
"","2"
"","50.0"
"","0"
"","0"
"","-"
"","2"
"","2"
"","100.0"
"","1"
"","2"
"","3"
"","0"
"","0"
"","0"
"","0"
"","3"
"","5"
"","Tyler Herro"
"","MIA"
"","08/18/2020"
"","MIA @ IND"
"","W"
"","34"
"","15"
"","5"
"","9"
"","55.6"
"","1"
"","5"
"","20.0"
"","4"
"","4"
"","100.0"
"","0"
"","3"
"","3"
"","4"
"","1"
"","0"
"","2"
"","2"
"","6"
"","Darius Bazley"
"","OKC"
"","08/18/2020"
"","OKC @ HOU"
"","L"
"","17"
"","9"
"","3"
"","5"
"","60.0"
"","3"
"","4"
"","75.0"
"","0"
"","0"
"","-"
"","0"
"","9"
"","9"
"","1"
"","0"
"","0"
"","2"
"","1"
"","-4"
"","Wes Iwundu"
"","ORL"
"","08/18/2020"
"","ORL @ MIL"
"","W"
"","12"
"","4"
"","2"
"","3"
"","66.7"
"","0"
"","0"
"","-"
"","0"
"","1"
"","0.0"
"","0"
"","3"
"","3"
"","0"
"","0"
"","0"
"","1"
"","2"
"","3"
"","Deonte Burton"
"","OKC"
"","08/18/2020"
"","OKC @ HOU"
"","L"
"","2"
"","0"
"","0"
"","0"
"","-"
"","0"
"","0"
"","-"
"","0"
"","0"
"","-"
"","0"
"","0"
"","0"
"","0"
"","0"
"","0"
"","0"
"","0"
"","2"
"","Jimmy Butler"
"","MIA"
"","08/18/2020"
"","MIA @ IND"
"","W"
"","37"
"","28"
"","8"
"","15"
"","53.3"
"","2"
"","2"
"","100.0"
"","10"
"","12"
"","83.3"
"","0"
"","3"
"","3"
"","4"
"","4"
"","2"
"","4"
"","3"
"","13"
"","LeBron James"
"","LAL"
"","08/18/2020"
"","LAL vs. POR"
"","L"
"","41"
"","23"
"","9"
"","20"
"","45.0"
"","1"
"","5"
"","20.0"
"","4"
"","7"
"","57.1"
"","2"
"","15"
"","17"
"","16"
"","1"
"","0"
"","4"
"","1"
"","-3"
"","James Ennis III"
"","ORL"
"","08/18/2020"
"","ORL @ MIL"
"","W"
"","31"
"","11"
"","3"
"","5"
"","60.0"
"","2"
"","3"
"","66.7"
"","3"
"","3"
"","100.0"
"","0"
"","8"
"","8"
"","2"
"","2"
"","1"
"","0"
"","4"
"","12"
"","Eric Gordon"
"","HOU"
"","08/18/2020"
"","HOU vs. OKC"
"","W"
"","30"
"","21"
"","7"
"","17"
"","41.2"
"","2"
"","6"
"","33.3"
"","5"
"","5"
"","100.0"
"","0"
"","3"
"","3"
"","4"
"","0"
"","0"
"","2"
"","3"
"","-5"
"","Malcolm Brogdon"
"","IND"
"","08/18/2020"
"","IND vs. MIA"
"","L"
"","39"
"","22"
"","6"
"","18"
"","33.3"
"","1"
"","6"
"","16.7"
"","9"
"","10"
"","90.0"
"","0"
"","1"
"","1"
"","10"
"","1"
"","0"
"","3"
"","1"
"","-9"
"","Jae Crowder"
"","MIA"
"","08/18/2020"
"","MIA @ IND"
"","W"
"","25"
"","8"
"","3"
"","6"
"","50.0"
"","2"
"","5"
"","40.0"
"","0"
"","0"
"","-"
"","0"
"","5"
"","5"
"","0"
"","0"
"","0"
"","1"
"","1"
"","0"
"","JaKarr Sampson"
"","IND"
"","08/18/2020"
"","IND vs. MIA"
"","L"
"","17"
"","10"
"","5"
"","6"
"","83.3"
"","0"
"","0"
"","-"
"","0"
"","0"
"","-"
"","0"
"","3"
"","3"
"","1"
"","1"
"","0"
"","1"
"","1"
"","5"
"","Danuel House Jr."
"","HOU"
"","08/18/2020"
"","HOU vs. OKC"
"","W"
"","29"
"","9"
"","4"
"","8"
"","50.0"
"","1"
"","4"
"","25.0"
"","0"
"","0"
"","-"
"","0"
"","1"
"","1"
"","5"
"","0"
"","0"
"","0"
"","4"
"","5"
"","Steven Adams"
"","OKC"
"","08/18/2020"
"","OKC @ HOU"
"","L"
"","28"
"","17"
"","7"
"","13"
"","53.8"
"","0"
"","1"
"","0.0"
"","3"
"","6"
"","50.0"
"","4"
"","8"
"","12"
"","2"
"","0"
"","0"
"","1"
"","2"
"","-3"
"","Myles Turner"
"","IND"
"","08/18/2020"
"","IND vs. MIA"
"","L"
"","33"
"","9"
"","4"
"","11"
"","36.4"
"","0"
"","3"
"","0.0"
"","1"
"","2"
"","50.0"
"","2"
"","7"
"","9"
"","2"
"","0"
"","3"
"","2"
"","3"
"","-19"
"","Gary Trent Jr."
"","POR"
"","08/18/2020"
"","POR @ LAL"
"","W"
"","31"
"","5"
"","2"
"","8"
"","25.0"
"","1"
"","4"
"","25.0"
"","0"
"","0"
"","-"
"","0"
"","2"
"","2"
"","0"
"","0"
"","0"
"","1"
"","3"
"","-9"
"","Mario Hezonja"
"","POR"
"","08/18/2020"
"","POR @ LAL"
"","W"
"","12"
"","2"
"","0"
"","2"
"","0.0"
"","0"
"","2"
"","0.0"
"","2"
"","2"
"","100.0"
"","0"
"","2"
"","2"
"","2"
"","1"
"","0"
"","0"
"","1"
"","-12"
"","Dion Waiters"
"","LAL"
"","08/18/2020"
"","LAL vs. POR"
"","L"
"","1"
"","0"
"","0"
"","0"
"","-"
"","0"
"","0"
"","-"
"","0"
"","0"
"","-"
"","0"
"","0"
"","0"
"","0"
"","0"
"","0"
"","0"
"","0"
"","-1"
"","Carmelo Anthony"
"","POR"
"","08/18/2020"
"","POR @ LAL"
"","W"
"","38"
"","11"
"","3"
"","11"
"","27.3"
"","2"
"","5"
"","40.0"
"","3"
"","4"
"","75.0"
"","0"
"","10"
"","10"
"","5"
"","1"
"","1"
"","2"
"","5"
"","-2"
"","Hamidou Diallo"
"","OKC"
"","08/18/2020"
"","OKC @ HOU"
"","L"
"","15"
"","7"
"","2"
"","6"
"","33.3"
"","1"
"","4"
"","25.0"
"","2"
"","2"
"","100.0"
"","1"
"","2"
"","3"
"","1"
"","0"
"","0"
"","1"
"","0"
"","-6"
"","Andre Iguodala"
"","MIA"
"","08/18/2020"
"","MIA @ IND"
"","W"
"","25"
"","4"
"","2"
"","3"
"","66.7"
"","0"
"","1"
"","0.0"
"","0"
"","0"
"","-"
"","0"
"","1"
"","1"
"","0"
"","0"
"","2"
"","0"
"","3"
"","3"
"","DeMarre Carroll"
"","HOU"
"","08/18/2020"
"","HOU vs. OKC"
"","W"
"","2"
"","0"
"","0"
"","1"
"","0.0"
"","0"
"","0"
"","-"
"","0"
"","0"
"","-"
"","0"
"","0"
"","0"
"","0"
"","0"
"","0"
"","0"
"","1"
"","-2"
"","Marvin Williams"
"","MIL"
"","08/18/2020"
"","MIL vs. ORL"
"","L"
"","16"
"","6"
"","2"
"","4"
"","50.0"
"","2"
"","4"
"","50.0"
"","0"
"","0"
"","-"
"","0"
"","3"
"","3"
"","1"
"","0"
"","0"
"","2"
"","2"
"","-2"
"","Markieff Morris"
"","LAL"
"","08/18/2020"
"","LAL vs. POR"
"","L"
"","19"
"","5"
"","2"
"","2"
"","100.0"
"","1"
"","1"
"","100.0"
"","0"
"","1"
"","0.0"
"","0"
"","3"
"","3"
"","0"
"","0"
"","0"
"","0"
"","4"
"","12"
"","Dwight Howard"
"","LAL"
"","08/18/2020"
"","LAL vs. POR"
"","L"
"","15"
"","4"
"","2"
"","5"
"","40.0"
"","0"
"","0"
"","-"
"","0"
"","0"
"","-"
"","4"
"","1"
"","5"
"","1"
"","1"
"","0"
"","1"
"","5"
"","7"
"","Kyle Kuzma"
"","LAL"
"","08/18/2020"
"","LAL vs. POR"
"","L"
"","30"
"","14"
"","5"
"","14"
"","35.7"
"","1"
"","5"
"","20.0"
"","3"
"","4"
"","75.0"
"","1"
"","7"
"","8"
"","0"
"","0"
"","1"
"","0"
"","2"
"","5"
"","Markelle Fultz"
"","ORL"
"","08/18/2020"
"","ORL @ MIL"
"","W"
"","29"
"","15"
"","6"
"","11"
"","54.5"
"","1"
"","4"
"","25.0"
"","2"
"","2"
"","100.0"
"","0"
"","2"
"","2"
"","6"
"","0"
"","1"
"","3"
"","3"
"","1"
"","Alex Caruso"
"","LAL"
"","08/18/2020"
"","LAL vs. POR"
"","L"
"","29"
"","2"
"","1"
"","6"
"","16.7"
"","0"
"","3"
"","0.0"
"","0"
"","0"
"","-"
"","0"
"","0"
"","0"
"","3"
"","3"
"","0"
"","2"
"","2"
"","12"
"","Anthony Davis"
"","LAL"
"","08/18/2020"
"","LAL vs. POR"
"","L"
"","39"
"","28"
"","8"
"","24"
"","33.3"
"","0"
"","5"
"","0.0"
"","12"
"","17"
"","70.6"
"","6"
"","5"
"","11"
"","1"
"","2"
"","2"
"","1"
"","1"
"","-20"
"","Robin Lopez"
"","MIL"
"","08/18/2020"
"","MIL vs. ORL"
"","L"
"","2"
"","2"
"","1"
"","1"
"","100.0"
"","0"
"","0"
"","-"
"","0"
"","0"
"","-"
"","0"
"","1"
"","1"
"","0"
"","0"
"","0"
"","0"
"","0"
"","-1"
"","Mike Muscala"
"","OKC"
"","08/18/2020"
"","OKC @ HOU"
"","L"
"","13"
"","3"
"","1"
"","1"
"","100.0"
"","1"
"","1"
"","100.0"
"","0"
"","0"
"","-"
"","0"
"","2"
"","2"
"","0"
"","0"
"","0"
"","0"
"","1"
"","-1"
"","Andre Roberson"
"","OKC"
"","08/18/2020"
"","OKC @ HOU"
"","L"
"","3"
"","0"
"","0"
"","1"
"","0.0"
"","0"
"","1"
"","0.0"
"","0"
"","0"
"","-"
"","0"
"","0"
"","0"
"","0"
"","0"
"","0"
"","0"
"","1"
"","-6"
"","Danny Green"
"","LAL"
"","08/18/2020"
"","LAL vs. POR"
"","L"
"","24"
"","10"
"","4"
"","12"
"","33.3"
"","2"
"","8"
"","25.0"
"","0"
"","0"
"","-"
"","0"
"","2"
"","2"
"","0"
"","1"
"","0"
"","0"
"","5"
"","-20"
"","James Harden"
"","HOU"
"","08/18/2020"
"","HOU vs. OKC"
"","W"
"","34"
"","37"
"","12"
"","22"
"","54.5"
"","6"
"","13"
"","46.2"
"","7"
"","8"
"","87.5"
"","2"
"","9"
"","11"
"","3"
"","0"
"","0"
"","3"
"","4"
"","10"
"","Shai Gilgeous-Alexander"
"","OKC"
"","08/18/2020"
"","OKC @ HOU"
"","L"
"","35"
"","9"
"","2"
"","8"
"","25.0"
"","1"
"","3"
"","33.3"
"","4"
"","4"
"","100.0"
"","0"
"","4"
"","4"
"","1"
"","0"
"","1"
"","1"
"","2"
"","-3"
"","Jeff Green"
"","HOU"
"","08/18/2020"
"","HOU vs. OKC"
"","W"
"","32"
"","22"
"","8"
"","12"
"","66.7"
"","3"
"","7"
"","42.9"
"","3"
"","4"
"","75.0"
"","0"
"","6"
"","6"
"","4"
"","1"
"","0"
"","1"
"","3"
"","28"
"","Austin Rivers"
"","HOU"
"","08/18/2020"
"","HOU vs. OKC"
"","W"
"","19"
"","4"
"","1"
"","5"
"","20.0"
"","0"
"","2"
"","0.0"
"","2"
"","2"
"","100.0"
"","0"
"","4"
"","4"
"","2"
"","0"
"","0"
"","0"
"","1"
"","11"
"","Kyle Korver"
"","MIL"
"","08/18/2020"
"","MIL vs. ORL"
"","L"
"","10"
"","6"
"","2"
"","3"
"","66.7"
"","1"
"","2"
"","50.0"
"","1"
"","1"
"","100.0"
"","1"
"","0"
"","1"
"","0"
"","0"
"","0"
"","0"
"","1"
"","-6"
"","Wesley Matthews"
"","MIL"
"","08/18/2020"
"","MIL vs. ORL"
"","L"
"","26"
"","10"
"","4"
"","6"
"","66.7"
"","2"
"","4"
"","50.0"
"","0"
"","0"
"","-"
"","1"
"","3"
"","4"
"","2"
"","1"
"","0"
"","0"
"","0"
"","-2"
"","JaVale McGee"
"","LAL"
"","08/18/2020"
"","LAL vs. POR"
"","L"
"","13"
"","6"
"","3"
"","5"
"","60.0"
"","0"
"","0"
"","-"
"","0"
"","0"
"","-"
"","4"
"","4"
"","8"
"","0"
"","0"
"","1"
"","0"
"","0"
"","-9"
"","Wenyen Gabriel"
"","POR"
"","08/18/2020"
"","POR @ LAL"
"","W"
"","16"
"","4"
"","2"
"","2"
"","100.0"
"","0"
"","0"
"","-"
"","0"
"","0"
"","-"
"","1"
"","2"
"","3"
"","3"
"","0"
"","1"
"","0"
"","5"
"","12"
"","Terrance Ferguson"
"","OKC"
"","08/18/2020"
"","OKC @ HOU"
"","L"
"","15"
"","6"
"","2"
"","3"
"","66.7"
"","2"
"","3"
"","66.7"
"","0"
"","0"
"","-"
"","0"
"","1"
"","1"
"","1"
"","0"
"","0"
"","0"
"","1"
"","-8"
"","Frank Mason"
"","MIL"
"","08/18/2020"
"","MIL vs. ORL"
"","L"
"","0"
"","0"
"","0"
"","0"
"","-"
"","0"
"","0"
"","-"
"","0"
"","0"
"","-"
"","0"
"","0"
"","0"
"","1"
"","0"
"","0"
"","0"
"","0"
"","3"
"","Pat Connaughton"
"","MIL"
"","08/18/2020"
"","MIL vs. ORL"
"","L"
"","22"
"","3"
"","1"
"","4"
"","25.0"
"","1"
"","4"
"","25.0"
"","0"
"","0"
"","-"
"","1"
"","2"
"","3"
"","1"
"","0"
"","0"
"","1"
"","3"
"","-3"
"","Eric Bledsoe"
"","MIL"
"","08/18/2020"
"","MIL vs. ORL"
"","L"
"","28"
"","15"
"","5"
"","11"
"","45.5"
"","1"
"","5"
"","20.0"
"","4"
"","5"
"","80.0"
"","1"
"","1"
"","2"
"","5"
"","1"
"","1"
"","2"
"","1"
"","-8"
"","Damian Lillard"
"","POR"
"","08/18/2020"
"","POR @ LAL"
"","W"
"","43"
"","34"
"","9"
"","21"
"","42.9"
"","6"
"","13"
"","46.2"
"","10"
"","10"
"","100.0"
"","1"
"","4"
"","5"
"","5"
"","0"
"","1"
"","3"
"","1"
"","19"
"","Duncan Robinson"
"","MIA"
"","08/18/2020"
"","MIA @ IND"
"","W"
"","24"
"","6"
"","2"
"","8"
"","25.0"
"","2"
"","8"
"","25.0"
"","0"
"","1"
"","0.0"
"","0"
"","3"
"","3"
"","1"
"","1"
"","0"
"","1"
"","3"
"","0"
"","Jusuf Nurkic"
"","POR"
"","08/18/2020"
"","POR @ LAL"
"","W"
"","33"
"","16"
"","4"
"","11"
"","36.4"
"","1"
"","2"
"","50.0"
"","7"
"","9"
"","77.8"
"","2"
"","13"
"","15"
"","3"
"","0"
"","0"
"","3"
"","5"
"","7"
"","CJ McCollum"
"","POR"
"","08/18/2020"
"","POR @ LAL"
"","W"
"","42"
"","21"
"","8"
"","20"
"","40.0"
"","3"
"","8"
"","37.5"
"","2"
"","4"
"","50.0"
"","0"
"","5"
"","5"
"","0"
"","1"
"","0"
"","5"
"","3"
"","7"
"","Hassan Whiteside"
"","POR"
"","08/18/2020"
"","POR @ LAL"
"","W"
"","26"
"","7"
"","3"
"","4"
"","75.0"
"","0"
"","0"
"","-"
"","1"
"","4"
"","25.0"
"","1"
"","7"
"","8"
"","0"
"","0"
"","5"
"","2"
"","5"
"","13"
"","Giannis Antetokounmpo"
"","MIL"
"","08/18/2020"
"","MIL vs. ORL"
"","L"
"","34"
"","31"
"","12"
"","25"
"","48.0"
"","3"
"","7"
"","42.9"
"","4"
"","9"
"","44.4"
"","4"
"","13"
"","17"
"","7"
"","1"
"","0"
"","5"
"","5"
"","-9"
"","Aaron Holiday"
"","IND"
"","08/18/2020"
"","IND vs. MIA"
"","L"
"","16"
"","9"
"","3"
"","5"
"","60.0"
"","1"
"","2"
"","50.0"
"","2"
"","2"
"","100.0"
"","1"
"","2"
"","3"
"","2"
"","0"
"","0"
"","0"
"","4"
"","-1"
"","Kentavious Caldwell-Pope"
"","LAL"
"","08/18/2020"
"","LAL vs. POR"
"","L"
"","29"
"","1"
"","0"
"","9"
"","0.0"
"","0"
"","5"
"","0.0"
"","1"
"","2"
"","50.0"
"","0"
"","1"
"","1"
"","1"
"","3"
"","0"
"","1"
"","3"
"","-18"
"","Gary Clark"
"","ORL"
"","08/18/2020"
"","ORL @ MIL"
"","W"
"","28"
"","15"
"","4"
"","12"
"","33.3"
"","4"
"","12"
"","33.3"
"","3"
"","3"
"","100.0"
"","0"
"","6"
"","6"
"","0"
"","1"
"","0"
"","0"
"","2"
"","-7"
"","Khris Middleton"
"","MIL"
"","08/18/2020"
"","MIL vs. ORL"
"","L"
"","31"
"","14"
"","4"
"","12"
"","33.3"
"","2"
"","6"
"","33.3"
"","4"
"","6"
"","66.7"
"","0"
"","6"
"","6"
"","4"
"","1"
"","1"
"","4"
"","4"
"","-8"
"","T.J. McConnell"
"","IND"
"","08/18/2020"
"","IND vs. MIA"
"","L"
"","13"
"","5"
"","2"
"","4"
"","50.0"
"","0"
"","0"
"","-"
"","1"
"","2"
"","50.0"
"","0"
"","3"
"","3"
"","3"
"","0"
"","0"
"","1"
"","2"
"","-6"
"","Robert Covington"
"","HOU"
"","08/18/2020"
"","HOU vs. OKC"
"","W"
"","31"
"","3"
"","1"
"","6"
"","16.7"
"","1"
"","5"
"","20.0"
"","0"
"","0"
"","-"
"","0"
"","5"
"","5"
"","3"
"","1"
"","1"
"","1"
"","5"
"","-8"
"","Kelly Olynyk"
"","MIA"
"","08/18/2020"
"","MIA @ IND"
"","W"
"","14"
"","5"
"","2"
"","4"
"","50.0"
"","1"
"","3"
"","33.3"
"","0"
"","0"
"","-"
"","0"
"","2"
"","2"
"","2"
"","0"
"","0"
"","0"
"","0"
"","6"
"","Donte DiVincenzo"
"","MIL"
"","08/18/2020"
"","MIL vs. ORL"
"","L"
"","13"
"","2"
"","1"
"","6"
"","16.7"
"","0"
"","2"
"","0.0"
"","0"
"","0"
"","-"
"","1"
"","3"
"","4"
"","1"
"","0"
"","0"
"","0"
"","0"
"","-2"
"","Doug McDermott"
"","IND"
"","08/18/2020"
"","IND vs. MIA"
"","L"
"","17"
"","3"
"","1"
"","4"
"","25.0"
"","1"
"","3"
"","33.3"
"","0"
"","0"
"","-"
"","0"
"","1"
"","1"
"","1"
"","0"
"","0"
"","0"
"","0"
"","-14"
"","Derrick Jones Jr."
"","MIA"
"","08/18/2020"
"","MIA @ IND"
"","W"
"","13"
"","6"
"","2"
"","3"
"","66.7"
"","1"
"","2"
"","50.0"
"","1"
"","2"
"","50.0"
"","0"
"","2"
"","2"
"","0"
"","1"
"","0"
"","0"
"","1"
"","-11"
"","Ben McLemore"
"","HOU"
"","08/18/2020"
"","HOU vs. OKC"
"","W"
"","24"
"","14"
"","5"
"","8"
"","62.5"
"","4"
"","7"
"","57.1"
"","0"
"","0"
"","-"
"","0"
"","1"
"","1"
"","0"
"","1"
"","0"
"","0"
"","1"
"","27"
"","Chris Paul"
"","OKC"
"","08/18/2020"
"","OKC @ HOU"
"","L"
"","37"
"","20"
"","7"
"","14"
"","50.0"
"","3"
"","8"
"","37.5"
"","3"
"","4"
"","75.0"
"","0"
"","10"
"","10"
"","9"
"","2"
"","0"
"","4"
"","4"
"","-7"
"","Danilo Gallinari"
"","OKC"
"","08/18/2020"
"","OKC @ HOU"
"","L"
"","33"
"","29"
"","9"
"","17"
"","52.9"
"","2"
"","5"
"","40.0"
"","9"
"","9"
"","100.0"
"","1"
"","2"
"","3"
"","3"
"","0"
"","1"
"","1"
"","2"
"","-11"
"","Nikola Vucevic"
"","ORL"
"","08/18/2020"
"","ORL @ MIL"
"","W"
"","37"
"","35"
"","15"
"","24"
"","62.5"
"","5"
"","8"
"","62.5"
"","0"
"","0"
"","-"
"","3"
"","11"
"","14"
"","4"
"","1"
"","0"
"","5"
"","3"
"","14"
"","Bruno Caboclo"
"","HOU"
"","08/18/2020"
"","HOU vs. OKC"
"","W"
"","2"
"","2"
"","1"
"","1"
"","100.0"
"","0"
"","0"
"","-"
"","0"
"","0"
"","-"
"","0"
"","1"
"","1"
"","0"
"","1"
"","0"
"","0"
"","0"
"","-2"
"","Dennis Schroder"
"","OKC"
"","08/18/2020"
"","OKC @ HOU"
"","L"
"","32"
"","6"
"","3"
"","12"
"","25.0"
"","0"
"","5"
"","0.0"
"","0"
"","0"
"","-"
"","0"
"","0"
"","0"
"","4"
"","0"
"","0"
"","2"
"","2"
"","-19"
"","Abdel Nader"
"","OKC"
"","08/18/2020"
"","OKC @ HOU"
"","L"
"","2"
"","0"
"","0"
"","1"
"","0.0"
"","0"
"","0"
"","-"
"","0"
"","0"
"","-"
"","0"
"","1"
"","1"
"","0"
"","0"
"","0"
"","0"
"","0"
"","2"
"","P.J. Tucker"
"","HOU"
"","08/18/2020"
"","HOU vs. OKC"
"","W"
"","34"
"","11"
"","4"
"","9"
"","44.4"
"","3"
"","8"
"","37.5"
"","0"
"","0"
"","-"
"","2"
"","2"
"","4"
"","4"
"","0"
"","0"
"","0"
"","4"
"","13"
"","Bam Adebayo"
"","MIA"
"","08/18/2020"
"","MIA @ IND"
"","W"
"","35"
"","17"
"","7"
"","14"
"","50.0"
"","0"
"","0"
"","-"
"","3"
"","4"
"","75.0"
"","4"
"","6"
"","10"
"","6"
"","0"
"","3"
"","0"
"","2"
"","23"
"","Ivica Zubac"
"","LAC"
"","08/17/2020"
"","LAC vs. DAL"
"","W"
"","22"
"","10"
"","5"
"","9"
"","55.6"
"","0"
"","0"
"","-"
"","0"
"","0"
"","-"
"","5"
"","5"
"","10"
"","1"
"","0"
"","2"
"","0"
"","1"
"","17"
"","Torrey Craig"
"","DEN"
"","08/17/2020"
"","DEN vs. UTA"
"","W"
"","21"
"","11"
"","4"
"","7"
"","57.1"
"","3"
"","5"
"","60.0"
"","0"
"","0"
"","-"
"","2"
"","2"
"","4"
"","0"
"","0"
"","0"
"","1"
"","6"
"","10"
"","Chris Boucher"
"","TOR"
"","08/17/2020"
"","TOR vs. BKN"
"","W"
"","3"
"","0"
"","0"
"","1"
"","0.0"
"","0"
"","1"
"","0.0"
"","0"
"","0"
"","-"
"","0"
"","1"
"","1"
"","0"
"","0"
"","0"
"","0"
"","0"
"","2"
"","Joe Ingles"
"","UTA"
"","08/17/2020"
"","UTA @ DEN"
"","L"
"","43"
"","19"
"","6"
"","14"
"","42.9"
"","5"
"","12"
"","41.7"
"","2"
"","2"
"","100.0"
"","0"
"","5"
"","5"
"","6"
"","1"
"","0"
"","3"
"","3"
"","-14"
"","Tobias Harris"
"","PHI"
"","08/17/2020"
"","PHI @ BOS"
"","L"
"","39"
"","15"
"","6"
"","15"
"","40.0"
"","0"
"","3"
"","0.0"
"","3"
"","3"
"","100.0"
"","3"
"","5"
"","8"
"","8"
"","1"
"","0"
"","1"
"","1"
"","-2"
"","Brad Wanamaker"
"","BOS"
"","08/17/2020"
"","BOS vs. PHI"
"","W"
"","10"
"","4"
"","2"
"","3"
"","66.7"
"","0"
"","0"
"","-"
"","0"
"","0"
"","-"
"","1"
"","2"
"","3"
"","1"
"","1"
"","0"
"","0"
"","2"
"","-1"
"","Delon Wright"
"","DAL"
"","08/17/2020"
"","DAL @ LAC"
"","L"
"","6"
"","0"
"","0"
"","0"
"","-"
"","0"
"","0"
"","-"
"","0"
"","0"
"","-"
"","0"
"","0"
"","0"
"","1"
"","1"
"","0"
"","1"
"","0"
"","1"
"","Robert Williams III"
"","BOS"
"","08/17/2020"
"","BOS vs. PHI"
"","W"
"","13"
"","2"
"","1"
"","4"
"","25.0"
"","0"
"","0"
"","-"
"","0"
"","0"
"","-"
"","4"
"","2"
"","6"
"","1"
"","0"
"","0"
"","0"
"","4"
"","-4"
"","Alec Burks"
"","PHI"
"","08/17/2020"
"","PHI @ BOS"
"","L"
"","27"
"","18"
"","6"
"","15"
"","40.0"
"","1"
"","3"
"","33.3"
"","5"
"","7"
"","71.4"
"","3"
"","3"
"","6"
"","2"
"","0"
"","0"
"","2"
"","2"
"","3"
"","Joel Embiid"
"","PHI"
"","08/17/2020"
"","PHI @ BOS"
"","L"
"","37"
"","26"
"","8"
"","15"
"","53.3"
"","1"
"","4"
"","25.0"
"","9"
"","12"
"","75.0"
"","5"
"","11"
"","16"
"","1"
"","2"
"","1"
"","5"
"","5"
"","-6"
"","Matisse Thybulle"
"","PHI"
"","08/17/2020"
"","PHI @ BOS"
"","L"
"","33"
"","5"
"","2"
"","3"
"","66.7"
"","1"
"","2"
"","50.0"
"","0"
"","0"
"","-"
"","1"
"","3"
"","4"
"","1"
"","2"
"","1"
"","0"
"","3"
"","-2"
"","Matt Thomas"
"","TOR"
"","08/17/2020"
"","TOR vs. BKN"
"","W"
"","7"
"","0"
"","0"
"","1"
"","0.0"
"","0"
"","1"
"","0.0"
"","0"
"","0"
"","-"
"","0"
"","0"
"","0"
"","3"
"","1"
"","0"
"","0"
"","1"
"","11"
"","Marcus Morris Sr."
"","LAC"
"","08/17/2020"
"","LAC vs. DAL"
"","W"
"","32"
"","19"
"","8"
"","13"
"","61.5"
"","3"
"","6"
"","50.0"
"","0"
"","0"
"","-"
"","0"
"","6"
"","6"
"","1"
"","4"
"","0"
"","1"
"","3"
"","25"
"","Tony Bradley"
"","UTA"
"","08/17/2020"
"","UTA @ DEN"
"","L"
"","11"
"","0"
"","0"
"","3"
"","0.0"
"","0"
"","0"
"","-"
"","0"
"","0"
"","-"
"","4"
"","5"
"","9"
"","0"
"","0"
"","0"
"","2"
"","1"
"","-3"
"","Al Horford"
"","PHI"
"","08/17/2020"
"","PHI @ BOS"
"","L"
"","31"
"","6"
"","3"
"","7"
"","42.9"
"","0"
"","1"
"","0.0"
"","0"
"","0"
"","-"
"","2"
"","5"
"","7"
"","6"
"","0"
"","1"
"","3"
"","5"
"","-18"
"","Kristaps Porzingis"
"","DAL"
"","08/17/2020"
"","DAL @ LAC"
"","L"
"","20"
"","14"
"","3"
"","9"
"","33.3"
"","1"
"","4"
"","25.0"
"","7"
"","8"
"","87.5"
"","0"
"","6"
"","6"
"","1"
"","0"
"","1"
"","0"
"","2"
"","-6"
"","Reggie Jackson"
"","LAC"
"","08/17/2020"
"","LAC vs. DAL"
"","W"
"","16"
"","0"
"","0"
"","5"
"","0.0"
"","0"
"","1"
"","0.0"
"","0"
"","0"
"","-"
"","0"
"","3"
"","3"
"","1"
"","0"
"","0"
"","0"
"","2"
"","-8"
"","Jayson Tatum"
"","BOS"
"","08/17/2020"
"","BOS vs. PHI"
"","W"
"","41"
"","32"
"","10"
"","21"
"","47.6"
"","2"
"","5"
"","40.0"
"","10"
"","11"
"","90.9"
"","3"
"","10"
"","13"
"","1"
"","0"
"","3"
"","1"
"","2"
"","19"
"","Lou Williams"
"","LAC"
"","08/17/2020"
"","LAC vs. DAL"
"","W"
"","31"
"","14"
"","4"
"","10"
"","40.0"
"","2"
"","5"
"","40.0"
"","4"
"","5"
"","80.0"
"","0"
"","3"
"","3"
"","5"
"","1"
"","0"
"","2"
"","2"
"","3"
"","Paul George"
"","LAC"
"","08/17/2020"
"","LAC vs. DAL"
"","W"
"","37"
"","27"
"","10"
"","22"
"","45.5"
"","4"
"","11"
"","36.4"
"","3"
"","3"
"","100.0"
"","0"
"","2"
"","2"
"","3"
"","2"
"","0"
"","3"
"","4"
"","13"
"","Fred VanVleet"
"","TOR"
"","08/17/2020"
"","TOR vs. BKN"
"","W"
"","39"
"","30"
"","11"
"","15"
"","73.3"
"","8"
"","10"
"","80.0"
"","0"
"","1"
"","0.0"
"","0"
"","2"
"","2"
"","11"
"","2"
"","1"
"","1"
"","2"
"","14"
"","Rodions Kurucs"
"","BKN"
"","08/17/2020"
"","BKN @ TOR"
"","L"
"","16"
"","6"
"","3"
"","5"
"","60.0"
"","0"
"","2"
"","0.0"
"","0"
"","0"
"","-"
"","1"
"","5"
"","6"
"","2"
"","0"
"","0"
"","2"
"","6"
"","-16"
"","Caris LeVert"
"","BKN"
"","08/17/2020"
"","BKN @ TOR"
"","L"
"","35"
"","15"
"","5"
"","14"
"","35.7"
"","0"
"","2"
"","0.0"
"","5"
"","6"
"","83.3"
"","2"
"","5"
"","7"
"","15"
"","1"
"","0"
"","5"
"","0"
"","-5"
"","Emmanuel Mudiay"
"","UTA"
"","08/17/2020"
"","UTA @ DEN"
"","L"
"","10"
"","1"
"","0"
"","2"
"","0.0"
"","0"
"","0"
"","-"
"","1"
"","2"
"","50.0"
"","1"
"","0"
"","1"
"","0"
"","0"
"","0"
"","0"
"","0"
"","1"
"","Pascal Siakam"
"","TOR"
"","08/17/2020"
"","TOR vs. BKN"
"","W"
"","31"
"","18"
"","4"
"","13"
"","30.8"
"","1"
"","4"
"","25.0"
"","9"
"","9"
"","100.0"
"","2"
"","9"
"","11"
"","1"
"","0"
"","0"
"","2"
"","4"
"","10"
"","Mike Scott"
"","PHI"
"","08/17/2020"
"","PHI @ BOS"
"","L"
"","2"
"","0"
"","0"
"","1"
"","0.0"
"","0"
"","0"
"","-"
"","0"
"","0"
"","-"
"","1"
"","1"
"","2"
"","0"
"","0"
"","0"
"","0"
"","1"
"","-3"
"","Kyle Lowry"
"","TOR"
"","08/17/2020"
"","TOR vs. BKN"
"","W"
"","38"
"","16"
"","3"
"","14"
"","21.4"
"","3"
"","10"
"","30.0"
"","7"
"","7"
"","100.0"
"","0"
"","7"
"","7"
"","6"
"","0"
"","1"
"","0"
"","2"
"","26"
"","Monte Morris"
"","DEN"
"","08/17/2020"
"","DEN vs. UTA"
"","W"
"","29"
"","14"
"","6"
"","9"
"","66.7"
"","2"
"","3"
"","66.7"
"","0"
"","1"
"","0.0"
"","0"
"","3"
"","3"
"","4"
"","1"
"","1"
"","1"
"","1"
"","10"
"","Jordan Clarkson"
"","UTA"
"","08/17/2020"
"","UTA @ DEN"
"","L"
"","39"
"","18"
"","8"
"","17"
"","47.1"
"","2"
"","9"
"","22.2"
"","0"
"","0"
"","-"
"","1"
"","3"
"","4"
"","3"
"","0"
"","0"
"","2"
"","5"
"","-15"
"","Josh Richardson"
"","PHI"
"","08/17/2020"
"","PHI @ BOS"
"","L"
"","37"
"","18"
"","7"
"","17"
"","41.2"
"","3"
"","9"
"","33.3"
"","1"
"","1"
"","100.0"
"","0"
"","6"
"","6"
"","2"
"","0"
"","0"
"","3"
"","2"
"","-10"
"","Patrick Beverley"
"","LAC"
"","08/17/2020"
"","LAC vs. DAL"
"","W"
"","20"
"","8"
"","3"
"","6"
"","50.0"
"","2"
"","5"
"","40.0"
"","0"
"","2"
"","0.0"
"","3"
"","2"
"","5"
"","1"
"","2"
"","0"
"","1"
"","5"
"","14"
"","Juwan Morgan"
"","UTA"
"","08/17/2020"
"","UTA @ DEN"
"","L"
"","25"
"","3"
"","1"
"","5"
"","20.0"
"","1"
"","4"
"","25.0"
"","0"
"","0"
"","-"
"","2"
"","5"
"","7"
"","1"
"","1"
"","0"
"","1"
"","0"
"","17"
"","Terance Mann"
"","LAC"
"","08/17/2020"
"","LAC vs. DAL"
"","W"
"","0"
"","0"
"","0"
"","0"
"","-"
"","0"
"","0"
"","-"
"","0"
"","0"
"","-"
"","0"
"","0"
"","0"
"","0"
"","0"
"","0"
"","0"
"","0"
"","0"
"","Donovan Mitchell"
"","UTA"
"","08/17/2020"
"","UTA @ DEN"
"","L"
"","43"
"","57"
"","19"
"","33"
"","57.6"
"","6"
"","15"
"","40.0"
"","13"
"","13"
"","100.0"
"","2"
"","7"
"","9"
"","7"
"","1"
"","0"
"","5"
"","2"
"","-11"
"","Nikola Jokic"
"","DEN"
"","08/17/2020"
"","DEN vs. UTA"
"","W"
"","42"
"","29"
"","11"
"","21"
"","52.4"
"","4"
"","7"
"","57.1"
"","3"
"","3"
"","100.0"
"","1"
"","9"
"","10"
"","3"
"","2"
"","1"
"","4"
"","2"
"","7"
"","Timothe Luwawu-Cabarrot"
"","BKN"
"","08/17/2020"
"","BKN @ TOR"
"","L"
"","33"
"","26"
"","9"
"","13"
"","69.2"
"","6"
"","9"
"","66.7"
"","2"
"","3"
"","66.7"
"","0"
"","7"
"","7"
"","2"
"","0"
"","0"
"","1"
"","5"
"","2"
"","Rudy Gobert"
"","UTA"
"","08/17/2020"
"","UTA @ DEN"
"","L"
"","42"
"","17"
"","8"
"","11"
"","72.7"
"","0"
"","0"
"","-"
"","1"
"","6"
"","16.7"
"","4"
"","3"
"","7"
"","1"
"","2"
"","4"
"","1"
"","5"
"","-7"
"","Michael Kidd-Gilchrist"
"","DAL"
"","08/17/2020"
"","DAL @ LAC"
"","L"
"","8"
"","6"
"","2"
"","3"
"","66.7"
"","2"
"","3"
"","66.7"
"","0"
"","0"
"","-"
"","0"
"","0"
"","0"
"","0"
"","0"
"","0"
"","1"
"","2"
"","2"
"","Tim Hardaway Jr."
"","DAL"
"","08/17/2020"
"","DAL @ LAC"
"","L"
"","36"
"","18"
"","7"
"","16"
"","43.8"
"","4"
"","11"
"","36.4"
"","0"
"","0"
"","-"
"","0"
"","6"
"","6"
"","1"
"","1"
"","0"
"","1"
"","4"
"","-22"
"","Dzanan Musa"
"","BKN"
"","08/17/2020"
"","BKN @ TOR"
"","L"
"","4"
"","0"
"","0"
"","0"
"","-"
"","0"
"","0"
"","-"
"","0"
"","0"
"","-"
"","0"
"","0"
"","0"
"","1"
"","0"
"","0"
"","0"
"","0"
"","-5"
"","Boban Marjanovic"
"","DAL"
"","08/17/2020"
"","DAL @ LAC"
"","L"
"","13"
"","2"
"","1"
"","2"
"","50.0"
"","0"
"","0"
"","-"
"","0"
"","1"
"","0.0"
"","1"
"","7"
"","8"
"","1"
"","0"
"","0"
"","0"
"","1"
"","5"
"","Furkan Korkmaz"
"","PHI"
"","08/17/2020"
"","PHI @ BOS"
"","L"
"","7"
"","0"
"","0"
"","0"
"","-"
"","0"
"","0"
"","-"
"","0"
"","0"
"","-"
"","0"
"","1"
"","1"
"","0"
"","0"
"","0"
"","1"
"","3"
"","5"
"","Norman Powell"
"","TOR"
"","08/17/2020"
"","TOR vs. BKN"
"","W"
"","17"
"","6"
"","2"
"","4"
"","50.0"
"","2"
"","3"
"","66.7"
"","0"
"","0"
"","-"
"","0"
"","3"
"","3"
"","0"
"","0"
"","0"
"","2"
"","3"
"","3"
"","Grant Williams"
"","BOS"
"","08/17/2020"
"","BOS vs. PHI"
"","W"
"","2"
"","0"
"","0"
"","0"
"","-"
"","0"
"","0"
"","-"
"","0"
"","0"
"","-"
"","2"
"","0"
"","2"
"","0"
"","0"
"","0"
"","0"
"","0"
"","2"
"","Montrezl Harrell"
"","LAC"
"","08/17/2020"
"","LAC vs. DAL"
"","W"
"","15"
"","6"
"","2"
"","5"
"","40.0"
"","0"
"","0"
"","-"
"","2"
"","4"
"","50.0"
"","0"
"","2"
"","2"
"","0"
"","0"
"","0"
"","0"
"","0"
"","-7"
"","JaMychal Green"
"","LAC"
"","08/17/2020"
"","LAC vs. DAL"
"","W"
"","18"
"","5"
"","2"
"","3"
"","66.7"
"","1"
"","2"
"","50.0"
"","0"
"","0"
"","-"
"","1"
"","1"
"","2"
"","0"
"","0"
"","1"
"","0"
"","3"
"","-16"
"","Maxi Kleber"
"","DAL"
"","08/17/2020"
"","DAL @ LAC"
"","L"
"","34"
"","3"
"","1"
"","5"
"","20.0"
"","1"
"","5"
"","20.0"
"","0"
"","0"
"","-"
"","2"
"","4"
"","6"
"","1"
"","0"
"","0"
"","3"
"","3"
"","-20"
"","PJ Dozier"
"","DEN"
"","08/17/2020"
"","DEN vs. UTA"
"","W"
"","20"
"","3"
"","1"
"","3"
"","33.3"
"","1"
"","2"
"","50.0"
"","0"
"","0"
"","-"
"","0"
"","2"
"","2"
"","1"
"","1"
"","0"
"","0"
"","1"
"","2"
"","Jerami Grant"
"","DEN"
"","08/17/2020"
"","DEN vs. UTA"
"","W"
"","40"
"","19"
"","5"
"","11"
"","45.5"
"","2"
"","5"
"","40.0"
"","7"
"","8"
"","87.5"
"","0"
"","0"
"","0"
"","3"
"","1"
"","1"
"","0"
"","2"
"","1"
"","Rondae Hollis-Jefferson"
"","TOR"
"","08/17/2020"
"","TOR vs. BKN"
"","W"
"","11"
"","6"
"","1"
"","3"
"","33.3"
"","0"
"","0"
"","-"
"","4"
"","4"
"","100.0"
"","2"
"","0"
"","2"
"","0"
"","0"
"","1"
"","0"
"","1"
"","5"
"","Lance Thomas"
"","BKN"
"","08/17/2020"
"","BKN @ TOR"
"","L"
"","4"
"","0"
"","0"
"","1"
"","0.0"
"","0"
"","1"
"","0.0"
"","0"
"","0"
"","-"
"","0"
"","0"
"","0"
"","0"
"","0"
"","0"
"","0"
"","2"
"","-5"
"","Tyler Johnson"
"","BKN"
"","08/17/2020"
"","BKN @ TOR"
"","L"
"","17"
"","7"
"","3"
"","8"
"","37.5"
"","1"
"","6"
"","16.7"
"","0"
"","0"
"","-"
"","0"
"","0"
"","0"
"","3"
"","0"
"","0"
"","0"
"","2"
"","-29"
"","Justin Anderson"
"","BKN"
"","08/17/2020"
"","BKN @ TOR"
"","L"
"","4"
"","3"
"","1"
"","2"
"","50.0"
"","1"
"","2"
"","50.0"
"","0"
"","0"
"","-"
"","0"
"","1"
"","1"
"","1"
"","0"
"","0"
"","0"
"","0"
"","-5"
"","Mason Plumlee"
"","DEN"
"","08/17/2020"
"","DEN vs. UTA"
"","W"
"","11"
"","2"
"","1"
"","1"
"","100.0"
"","0"
"","0"
"","-"
"","0"
"","0"
"","-"
"","1"
"","5"
"","6"
"","2"
"","1"
"","1"
"","1"
"","3"
"","3"
"","OG Anunoby"
"","TOR"
"","08/17/2020"
"","TOR vs. BKN"
"","W"
"","34"
"","12"
"","4"
"","8"
"","50.0"
"","3"
"","5"
"","60.0"
"","1"
"","1"
"","100.0"
"","2"
"","3"
"","5"
"","1"
"","1"
"","2"
"","1"
"","5"
"","18"
"","Jaylen Brown"
"","BOS"
"","08/17/2020"
"","BOS vs. PHI"
"","W"
"","39"
"","29"
"","9"
"","16"
"","56.3"
"","5"
"","8"
"","62.5"
"","6"
"","6"
"","100.0"
"","2"
"","4"
"","6"
"","4"
"","3"
"","0"
"","2"
"","4"
"","-1"
"","Jamal Murray"
"","DEN"
"","08/17/2020"
"","DEN vs. UTA"
"","W"
"","40"
"","36"
"","13"
"","20"
"","65.0"
"","6"
"","9"
"","66.7"
"","4"
"","4"
"","100.0"
"","2"
"","3"
"","5"
"","9"
"","1"
"","0"
"","3"
"","4"
"","16"
"","Enes Kanter"
"","BOS"
"","08/17/2020"
"","BOS vs. PHI"
"","W"
"","8"
"","0"
"","0"
"","3"
"","0.0"
"","0"
"","0"
"","-"
"","0"
"","0"
"","-"
"","3"
"","1"
"","4"
"","3"
"","0"
"","0"
"","1"
"","1"
"","-1"
"","Marc Gasol"
"","TOR"
"","08/17/2020"
"","TOR vs. BKN"
"","W"
"","21"
"","13"
"","4"
"","8"
"","50.0"
"","1"
"","4"
"","25.0"
"","4"
"","4"
"","100.0"
"","0"
"","5"
"","5"
"","1"
"","0"
"","0"
"","4"
"","2"
"","7"
"","Trey Burke"
"","DAL"
"","08/17/2020"
"","DAL @ LAC"
"","L"
"","20"
"","2"
"","1"
"","5"
"","20.0"
"","0"
"","1"
"","0.0"
"","0"
"","0"
"","-"
"","1"
"","0"
"","1"
"","2"
"","0"
"","1"
"","1"
"","0"
"","14"
"","Shake Milton"
"","PHI"
"","08/17/2020"
"","PHI @ BOS"
"","L"
"","26"
"","13"
"","5"
"","7"
"","71.4"
"","3"
"","5"
"","60.0"
"","0"
"","0"
"","-"
"","0"
"","0"
"","0"
"","3"
"","0"
"","0"
"","3"
"","2"
"","-7"
"","Landry Shamet"
"","LAC"
"","08/17/2020"
"","LAC vs. DAL"
"","W"
"","8"
"","0"
"","0"
"","1"
"","0.0"
"","0"
"","1"
"","0.0"
"","0"
"","0"
"","-"
"","0"
"","0"
"","0"
"","0"
"","0"
"","0"
"","1"
"","1"
"","-19"
"","Luka Doncic"
"","DAL"
"","08/17/2020"
"","DAL @ LAC"
"","L"
"","38"
"","42"
"","13"
"","21"
"","61.9"
"","2"
"","6"
"","33.3"
"","14"
"","15"
"","93.3"
"","0"
"","7"
"","7"
"","9"
"","3"
"","0"
"","11"
"","4"
"","-14"
"","Garrett Temple"
"","BKN"
"","08/17/2020"
"","BKN @ TOR"
"","L"
"","34"
"","12"
"","5"
"","15"
"","33.3"
"","1"
"","10"
"","10.0"
"","1"
"","1"
"","100.0"
"","0"
"","4"
"","4"
"","1"
"","1"
"","0"
"","0"
"","5"
"","-2"
"","Royce O'Neale"
"","UTA"
"","08/17/2020"
"","UTA @ DEN"
"","L"
"","32"
"","3"
"","1"
"","6"
"","16.7"
"","1"
"","3"
"","33.3"
"","0"
"","0"
"","-"
"","0"
"","7"
"","7"
"","0"
"","1"
"","0"
"","1"
"","5"
"","-21"
"","Gordon Hayward"
"","BOS"
"","08/17/2020"
"","BOS vs. PHI"
"","W"
"","34"
"","12"
"","5"
"","13"
"","38.5"
"","2"
"","6"
"","33.3"
"","0"
"","0"
"","-"
"","0"
"","4"
"","4"
"","3"
"","4"
"","0"
"","1"
"","0"
"","10"
"","Daniel Theis"
"","BOS"
"","08/17/2020"
"","BOS vs. PHI"
"","W"
"","25"
"","9"
"","4"
"","9"
"","44.4"
"","1"
"","5"
"","20.0"
"","0"
"","1"
"","0.0"
"","1"
"","2"
"","3"
"","3"
"","1"
"","1"
"","0"
"","5"
"","11"
"","Kawhi Leonard"
"","LAC"
"","08/17/2020"
"","LAC vs. DAL"
"","W"
"","38"
"","29"
"","11"
"","21"
"","52.4"
"","1"
"","7"
"","14.3"
"","6"
"","6"
"","100.0"
"","2"
"","10"
"","12"
"","6"
"","3"
"","0"
"","3"
"","3"
"","18"
"","Paul Millsap"
"","DEN"
"","08/17/2020"
"","DEN vs. UTA"
"","W"
"","29"
"","8"
"","3"
"","10"
"","30.0"
"","1"
"","3"
"","33.3"
"","1"
"","2"
"","50.0"
"","1"
"","2"
"","3"
"","0"
"","3"
"","1"
"","0"
"","0"
"","-3"
"","Terence Davis"
"","TOR"
"","08/17/2020"
"","TOR vs. BKN"
"","W"
"","12"
"","11"
"","3"
"","4"
"","75.0"
"","2"
"","2"
"","100.0"
"","3"
"","3"
"","100.0"
"","0"
"","4"
"","4"
"","0"
"","0"
"","0"
"","0"
"","0"
"","7"
"","Romeo Langford"
"","BOS"
"","08/17/2020"
"","BOS vs. PHI"
"","W"
"","0"
"","0"
"","0"
"","0"
"","-"
"","0"
"","0"
"","-"
"","0"
"","0"
"","-"
"","0"
"","0"
"","0"
"","0"
"","0"
"","0"
"","0"
"","0"
"","0"
"","Seth Curry"
"","DAL"
"","08/17/2020"
"","DAL @ LAC"
"","L"
"","33"
"","14"
"","5"
"","11"
"","45.5"
"","4"
"","8"
"","50.0"
"","0"
"","0"
"","-"
"","0"
"","3"
"","3"
"","0"
"","2"
"","0"
"","1"
"","3"
"","13"
"","Donta Hall"
"","BKN"
"","08/17/2020"
"","BKN @ TOR"
"","L"
"","8"
"","2"
"","1"
"","3"
"","33.3"
"","0"
"","0"
"","-"
"","0"
"","2"
"","0.0"
"","1"
"","1"
"","2"
"","0"
"","0"
"","0"
"","1"
"","1"
"","-13"
"","Joe Harris"
"","BKN"
"","08/17/2020"
"","BKN @ TOR"
"","L"
"","33"
"","19"
"","8"
"","14"
"","57.1"
"","3"
"","5"
"","60.0"
"","0"
"","0"
"","-"
"","1"
"","5"
"","6"
"","2"
"","0"
"","0"
"","0"
"","4"
"","-2"
"","Dorian Finney-Smith"
"","DAL"
"","08/17/2020"
"","DAL @ LAC"
"","L"
"","32"
"","9"
"","4"
"","9"
"","44.4"
"","1"
"","5"
"","20.0"
"","0"
"","0"
"","-"
"","1"
"","3"
"","4"
"","2"
"","2"
"","0"
"","2"
"","2"
"","-13"
"","Chris Chiozza"
"","BKN"
"","08/17/2020"
"","BKN @ TOR"
"","L"
"","7"
"","0"
"","0"
"","3"
"","0.0"
"","0"
"","3"
"","0.0"
"","0"
"","0"
"","-"
"","0"
"","0"
"","0"
"","4"
"","1"
"","0"
"","0"
"","0"
"","-10"
"","Michael Porter Jr."
"","DEN"
"","08/17/2020"
"","DEN vs. UTA"
"","W"
"","31"
"","13"
"","5"
"","13"
"","38.5"
"","3"
"","7"
"","42.9"
"","0"
"","0"
"","-"
"","1"
"","7"
"","8"
"","1"
"","0"
"","1"
"","1"
"","3"
"","4"
"","Georges Niang"
"","UTA"
"","08/17/2020"
"","UTA @ DEN"
"","L"
"","20"
"","7"
"","3"
"","6"
"","50.0"
"","1"
"","4"
"","25.0"
"","0"
"","0"
"","-"
"","2"
"","1"
"","3"
"","0"
"","0"
"","0"
"","0"
"","1"
"","3"
"","Jarrett Allen"
"","BKN"
"","08/17/2020"
"","BKN @ TOR"
"","L"
"","34"
"","15"
"","6"
"","10"
"","60.0"
"","0"
"","0"
"","-"
"","3"
"","4"
"","75.0"
"","4"
"","8"
"","12"
"","1"
"","1"
"","1"
"","4"
"","3"
"","-16"
"","Jeremiah Martin"
"","BKN"
"","08/17/2020"
"","BKN @ TOR"
"","L"
"","9"
"","5"
"","2"
"","4"
"","50.0"
"","1"
"","2"
"","50.0"
"","0"
"","0"
"","-"
"","0"
"","0"
"","0"
"","1"
"","0"
"","1"
"","1"
"","1"
"","-14"
"","Serge Ibaka"
"","TOR"
"","08/17/2020"
"","TOR vs. BKN"
"","W"
"","26"
"","22"
"","8"
"","14"
"","57.1"
"","2"
"","4"
"","50.0"
"","4"
"","4"
"","100.0"
"","3"
"","4"
"","7"
"","3"
"","0"
"","1"
"","1"
"","2"
"","17"
"","Marcus Smart"
"","BOS"
"","08/17/2020"
"","BOS vs. PHI"
"","W"
"","32"
"","2"
"","0"
"","5"
"","0.0"
"","0"
"","3"
"","0.0"
"","2"
"","2"
"","100.0"
"","0"
"","1"
"","1"
"","1"
"","2"
"","0"
"","1"
"","1"
"","0"
"","Kemba Walker"
"","BOS"
"","08/17/2020"
"","BOS vs. PHI"
"","W"
"","35"
"","19"
"","7"
"","16"
"","43.8"
"","0"
"","4"
"","0.0"
"","5"
"","6"
"","83.3"
"","0"
"","1"
"","1"
"","5"
"","1"
"","0"
"","1"
"","2"
"","5"
"","Gorgui Dieng"
"","MEM"
"","08/15/2020"
"","MEM @ POR"
"","L"
"","14"
"","2"
"","1"
"","2"
"","50.0"
"","0"
"","0"
"","-"
"","0"
"","0"
"","-"
"","1"
"","3"
"","4"
"","0"
"","0"
"","2"
"","0"
"","3"
"","-14"
"","Mario Hezonja"
"","POR"
"","08/15/2020"
"","POR vs. MEM"
"","W"
"","7"
"","5"
"","1"
"","4"
"","25.0"
"","1"
"","4"
"","25.0"
"","2"
"","2"
"","100.0"
"","0"
"","1"
"","1"
"","0"
"","1"
"","1"
"","1"
"","1"
"","-7"
"","Carmelo Anthony"
"","POR"
"","08/15/2020"
"","POR vs. MEM"
"","W"
"","38"
"","21"
"","5"
"","15"
"","33.3"
"","1"
"","6"
"","16.7"
"","10"
"","10"
"","100.0"
"","0"
"","3"
"","3"
"","1"
"","0"
"","1"
"","2"
"","2"
"","-4"
"","De'Anthony Melton"
"","MEM"
"","08/15/2020"
"","MEM @ POR"
"","L"
"","14"
"","3"
"","1"
"","4"
"","25.0"
"","1"
"","1"
"","100.0"
"","0"
"","0"
"","-"
"","0"
"","4"
"","4"
"","1"
"","2"
"","0"
"","0"
"","2"
"","9"
"","Hassan Whiteside"
"","POR"
"","08/15/2020"
"","POR vs. MEM"
"","W"
"","14"
"","4"
"","2"
"","6"
"","33.3"
"","0"
"","0"
"","-"
"","0"
"","0"
"","-"
"","1"
"","3"
"","4"
"","0"
"","1"
"","0"
"","0"
"","4"
"","-13"
"","Brandon Clarke"
"","MEM"
"","08/15/2020"
"","MEM @ POR"
"","L"
"","25"
"","20"
"","8"
"","11"
"","72.7"
"","4"
"","5"
"","80.0"
"","0"
"","0"
"","-"
"","2"
"","2"
"","4"
"","3"
"","0"
"","2"
"","1"
"","2"
"","-27"
"","Jonas Valanciunas"
"","MEM"
"","08/15/2020"
"","MEM @ POR"
"","L"
"","34"
"","22"
"","8"
"","16"
"","50.0"
"","0"
"","4"
"","0.0"
"","6"
"","6"
"","100.0"
"","4"
"","13"
"","17"
"","6"
"","0"
"","0"
"","1"
"","3"
"","12"
"","Wenyen Gabriel"
"","POR"
"","08/15/2020"
"","POR vs. MEM"
"","W"
"","9"
"","3"
"","1"
"","3"
"","33.3"
"","1"
"","1"
"","100.0"
"","0"
"","0"
"","-"
"","1"
"","0"
"","1"
"","1"
"","0"
"","0"
"","0"
"","2"
"","2"
"","Grayson Allen"
"","MEM"
"","08/15/2020"
"","MEM @ POR"
"","L"
"","23"
"","3"
"","1"
"","3"
"","33.3"
"","0"
"","1"
"","0.0"
"","1"
"","2"
"","50.0"
"","1"
"","4"
"","5"
"","1"
"","0"
"","0"
"","2"
"","2"
"","-5"
"","Kyle Anderson"
"","MEM"
"","08/15/2020"
"","MEM @ POR"
"","L"
"","27"
"","10"
"","4"
"","6"
"","66.7"
"","1"
"","1"
"","100.0"
"","1"
"","1"
"","100.0"
"","1"
"","5"
"","6"
"","9"
"","2"
"","1"
"","6"
"","3"
"","10"
"","Jusuf Nurkic"
"","POR"
"","08/15/2020"
"","POR vs. MEM"
"","W"
"","41"
"","22"
"","8"
"","14"
"","57.1"
"","2"
"","3"
"","66.7"
"","4"
"","9"
"","44.4"
"","6"
"","15"
"","21"
"","6"
"","2"
"","2"
"","5"
"","5"
"","18"
"","Ja Morant"
"","MEM"
"","08/15/2020"
"","MEM @ POR"
"","L"
"","42"
"","35"
"","13"
"","28"
"","46.4"
"","3"
"","6"
"","50.0"
"","6"
"","8"
"","75.0"
"","1"
"","3"
"","4"
"","8"
"","0"
"","0"
"","8"
"","1"
"","-15"
"","Zach Collins"
"","POR"
"","08/15/2020"
"","POR vs. MEM"
"","W"
"","7"
"","3"
"","1"
"","2"
"","50.0"
"","1"
"","2"
"","50.0"
"","0"
"","0"
"","-"
"","0"
"","1"
"","1"
"","0"
"","0"
"","0"
"","0"
"","1"
"","8"
"","Gary Trent Jr."
"","POR"
"","08/15/2020"
"","POR vs. MEM"
"","W"
"","35"
"","8"
"","3"
"","6"
"","50.0"
"","1"
"","3"
"","33.3"
"","1"
"","2"
"","50.0"
"","1"
"","2"
"","3"
"","1"
"","5"
"","2"
"","2"
"","1"
"","1"
"","Damian Lillard"
"","POR"
"","08/15/2020"
"","POR vs. MEM"
"","W"
"","45"
"","31"
"","6"
"","15"
"","40.0"
"","5"
"","14"
"","35.7"
"","14"
"","14"
"","100.0"
"","0"
"","2"
"","2"
"","10"
"","1"
"","0"
"","1"
"","2"
"","17"
"","Anthony Tolliver"
"","MEM"
"","08/15/2020"
"","MEM @ POR"
"","L"
"","23"
"","7"
"","2"
"","4"
"","50.0"
"","1"
"","2"
"","50.0"
"","2"
"","2"
"","100.0"
"","1"
"","2"
"","3"
"","0"
"","0"
"","1"
"","0"
"","6"
"","21"
"","Dillon Brooks"
"","MEM"
"","08/15/2020"
"","MEM @ POR"
"","L"
"","38"
"","20"
"","7"
"","18"
"","38.9"
"","4"
"","5"
"","80.0"
"","2"
"","3"
"","66.7"
"","1"
"","1"
"","2"
"","2"
"","1"
"","0"
"","0"
"","3"
"","-11"
"","CJ McCollum"
"","POR"
"","08/15/2020"
"","POR vs. MEM"
"","W"
"","44"
"","29"
"","11"
"","19"
"","57.9"
"","3"
"","7"
"","42.9"
"","4"
"","4"
"","100.0"
"","0"
"","3"
"","3"
"","1"
"","2"
"","1"
"","2"
"","1"
"","-2"
"","Josh Richardson"
"","PHI"
"","08/14/2020"
"","PHI @ HOU"
"","W"
"","23"
"","5"
"","2"
"","4"
"","50.0"
"","1"
"","2"
"","50.0"
"","0"
"","0"
"","-"
"","0"
"","1"
"","1"
"","1"
"","0"
"","0"
"","0"
"","2"
"","0"
"","Norvel Pelle"
"","PHI"
"","08/14/2020"
"","PHI @ HOU"
"","W"
"","9"
"","6"
"","3"
"","4"
"","75.0"
"","0"
"","1"
"","0.0"
"","0"
"","0"
"","-"
"","0"
"","2"
"","2"
"","0"
"","0"
"","0"
"","1"
"","2"
"","0"
"","Amir Coffey"
"","LAC"
"","08/14/2020"
"","LAC vs. OKC"
"","W"
"","50"
"","21"
"","7"
"","17"
"","41.2"
"","2"
"","8"
"","25.0"
"","5"
"","8"
"","62.5"
"","0"
"","2"
"","2"
"","4"
"","4"
"","1"
"","2"
"","6"
"","11"
"","Shai Gilgeous-Alexander"
"","OKC"
"","08/14/2020"
"","OKC @ LAC"
"","L"
"","14"
"","13"
"","6"
"","10"
"","60.0"
"","0"
"","1"
"","0.0"
"","1"
"","1"
"","100.0"
"","0"
"","4"
"","4"
"","0"
"","1"
"","0"
"","3"
"","0"
"","12"
"","Justin Holiday"
"","IND"
"","08/14/2020"
"","IND vs. MIA"
"","W"
"","24"
"","11"
"","3"
"","5"
"","60.0"
"","3"
"","5"
"","60.0"
"","2"
"","2"
"","100.0"
"","0"
"","7"
"","7"
"","0"
"","1"
"","0"
"","2"
"","3"
"","7"
"","Torrey Craig"
"","DEN"
"","08/14/2020"
"","DEN @ TOR"
"","L"
"","15"
"","3"
"","1"
"","6"
"","16.7"
"","1"
"","3"
"","33.3"
"","0"
"","0"
"","-"
"","1"
"","3"
"","4"
"","3"
"","0"
"","0"
"","1"
"","0"
"","-6"
"","Al Horford"
"","PHI"
"","08/14/2020"
"","PHI @ HOU"
"","W"
"","22"
"","10"
"","4"
"","7"
"","57.1"
"","2"
"","3"
"","66.7"
"","0"
"","0"
"","-"
"","0"
"","3"
"","3"
"","4"
"","0"
"","0"
"","3"
"","3"
"","0"
"","Eric Gordon"
"","HOU"
"","08/14/2020"
"","HOU vs. PHI"
"","L"
"","23"
"","13"
"","4"
"","10"
"","40.0"
"","3"
"","6"
"","50.0"
"","2"
"","2"
"","100.0"
"","0"
"","2"
"","2"
"","2"
"","0"
"","1"
"","1"
"","1"
"","-12"
"","James Harden"
"","HOU"
"","08/14/2020"
"","HOU vs. PHI"
"","L"
"","26"
"","27"
"","9"
"","16"
"","56.3"
"","4"
"","9"
"","44.4"
"","5"
"","5"
"","100.0"
"","0"
"","3"
"","3"
"","10"
"","1"
"","2"
"","7"
"","1"
"","-11"
"","Matisse Thybulle"
"","PHI"
"","08/14/2020"
"","PHI @ HOU"
"","W"
"","18"
"","7"
"","3"
"","4"
"","75.0"
"","1"
"","2"
"","50.0"
"","0"
"","0"
"","-"
"","1"
"","1"
"","2"
"","1"
"","4"
"","2"
"","1"
"","1"
"","36"
"","Norman Powell"
"","TOR"
"","08/14/2020"
"","TOR vs. DEN"
"","W"
"","23"
"","15"
"","6"
"","9"
"","66.7"
"","3"
"","5"
"","60.0"
"","0"
"","0"
"","-"
"","1"
"","5"
"","6"
"","2"
"","1"
"","1"
"","3"
"","2"
"","-3"
"","Alize Johnson"
"","IND"
"","08/14/2020"
"","IND vs. MIA"
"","W"
"","38"
"","11"
"","3"
"","8"
"","37.5"
"","2"
"","5"
"","40.0"
"","3"
"","4"
"","75.0"
"","7"
"","10"
"","17"
"","4"
"","0"
"","1"
"","3"
"","3"
"","10"
"","Noah Vonleh"
"","DEN"
"","08/14/2020"
"","DEN @ TOR"
"","L"
"","7"
"","2"
"","1"
"","2"
"","50.0"
"","0"
"","0"
"","-"
"","0"
"","0"
"","-"
"","0"
"","0"
"","0"
"","1"
"","0"
"","0"
"","0"
"","0"
"","0"
"","Jeff Green"
"","HOU"
"","08/14/2020"
"","HOU vs. PHI"
"","L"
"","25"
"","17"
"","8"
"","10"
"","80.0"
"","0"
"","2"
"","0.0"
"","1"
"","1"
"","100.0"
"","0"
"","0"
"","0"
"","4"
"","1"
"","1"
"","0"
"","4"
"","-7"
"","Andre Roberson"
"","OKC"
"","08/14/2020"
"","OKC @ LAC"
"","L"
"","28"
"","3"
"","1"
"","9"
"","11.1"
"","0"
"","6"
"","0.0"
"","1"
"","2"
"","50.0"
"","1"
"","4"
"","5"
"","2"
"","0"
"","1"
"","0"
"","4"
"","6"
"","Raul Neto"
"","PHI"
"","08/14/2020"
"","PHI @ HOU"
"","W"
"","19"
"","14"
"","4"
"","8"
"","50.0"
"","1"
"","3"
"","33.3"
"","5"
"","7"
"","71.4"
"","0"
"","3"
"","3"
"","5"
"","0"
"","0"
"","0"
"","0"
"","20"
"","Matt Thomas"
"","TOR"
"","08/14/2020"
"","TOR vs. DEN"
"","W"
"","28"
"","12"
"","4"
"","6"
"","66.7"
"","2"
"","3"
"","66.7"
"","2"
"","2"
"","100.0"
"","1"
"","2"
"","3"
"","2"
"","1"
"","0"
"","2"
"","4"
"","7"
"","Terence Davis"
"","TOR"
"","08/14/2020"
"","TOR vs. DEN"
"","W"
"","34"
"","14"
"","5"
"","15"
"","33.3"
"","2"
"","6"
"","33.3"
"","2"
"","2"
"","100.0"
"","1"
"","5"
"","6"
"","3"
"","2"
"","0"
"","3"
"","2"
"","6"
"","Malcolm Miller"
"","TOR"
"","08/14/2020"
"","TOR vs. DEN"
"","W"
"","26"
"","10"
"","4"
"","5"
"","80.0"
"","2"
"","3"
"","66.7"
"","0"
"","0"
"","-"
"","1"
"","0"
"","1"
"","3"
"","1"
"","0"
"","0"
"","4"
"","3"
"","Ben McLemore"
"","HOU"
"","08/14/2020"
"","HOU vs. PHI"
"","L"
"","11"
"","3"
"","1"
"","4"
"","25.0"
"","1"
"","3"
"","33.3"
"","0"
"","0"
"","-"
"","0"
"","2"
"","2"
"","1"
"","1"
"","0"
"","0"
"","0"
"","-17"
"","Jamal Murray"
"","DEN"
"","08/14/2020"
"","DEN @ TOR"
"","L"
"","10"
"","11"
"","4"
"","5"
"","80.0"
"","3"
"","3"
"","100.0"
"","0"
"","0"
"","-"
"","0"
"","0"
"","0"
"","1"
"","1"
"","0"
"","0"
"","2"
"","-6"
"","Joel Embiid"
"","PHI"
"","08/14/2020"
"","PHI @ HOU"
"","W"
"","23"
"","14"
"","6"
"","12"
"","50.0"
"","0"
"","0"
"","-"
"","2"
"","3"
"","66.7"
"","2"
"","4"
"","6"
"","1"
"","1"
"","1"
"","5"
"","5"
"","9"
"","Marial Shayok"
"","PHI"
"","08/14/2020"
"","PHI @ HOU"
"","W"
"","8"
"","5"
"","1"
"","4"
"","25.0"
"","1"
"","3"
"","33.3"
"","2"
"","2"
"","100.0"
"","1"
"","1"
"","2"
"","0"
"","0"
"","0"
"","1"
"","1"
"","4"
"","Terrance Ferguson"
"","OKC"
"","08/14/2020"
"","OKC @ LAC"
"","L"
"","17"
"","0"
"","0"
"","2"
"","0.0"
"","0"
"","2"
"","0.0"
"","0"
"","0"
"","-"
"","0"
"","1"
"","1"
"","0"
"","0"
"","0"
"","0"
"","4"
"","-13"
"","Bruno Caboclo"
"","HOU"
"","08/14/2020"
"","HOU vs. PHI"
"","L"
"","17"
"","11"
"","4"
"","9"
"","44.4"
"","1"
"","4"
"","25.0"
"","2"
"","2"
"","100.0"
"","1"
"","5"
"","6"
"","0"
"","2"
"","1"
"","4"
"","2"
"","-23"
"","Tyler Cook"
"","DEN"
"","08/14/2020"
"","DEN @ TOR"
"","L"
"","16"
"","4"
"","1"
"","2"
"","50.0"
"","0"
"","0"
"","-"
"","2"
"","2"
"","100.0"
"","2"
"","2"
"","4"
"","0"
"","2"
"","0"
"","2"
"","1"
"","-3"
"","Rodney McGruder"
"","LAC"
"","08/14/2020"
"","LAC vs. OKC"
"","W"
"","51"
"","9"
"","2"
"","11"
"","18.2"
"","1"
"","5"
"","20.0"
"","4"
"","6"
"","66.7"
"","3"
"","8"
"","11"
"","2"
"","2"
"","0"
"","2"
"","0"
"","0"
"","Kelly Olynyk"
"","MIA"
"","08/14/2020"
"","MIA @ IND"
"","L"
"","20"
"","6"
"","2"
"","9"
"","22.2"
"","2"
"","8"
"","25.0"
"","0"
"","0"
"","-"
"","0"
"","6"
"","6"
"","0"
"","0"
"","1"
"","0"
"","0"
"","-9"
"","Malcolm Brogdon"
"","IND"
"","08/14/2020"
"","IND vs. MIA"
"","W"
"","25"
"","16"
"","6"
"","14"
"","42.9"
"","4"
"","7"
"","57.1"
"","0"
"","0"
"","-"
"","2"
"","4"
"","6"
"","6"
"","0"
"","0"
"","3"
"","3"
"","5"
"","Edmond Sumner"
"","IND"
"","08/14/2020"
"","IND vs. MIA"
"","W"
"","31"
"","7"
"","3"
"","7"
"","42.9"
"","0"
"","3"
"","0.0"
"","1"
"","1"
"","100.0"
"","0"
"","2"
"","2"
"","6"
"","0"
"","0"
"","2"
"","4"
"","15"
"","T.J. McConnell"
"","IND"
"","08/14/2020"
"","IND vs. MIA"
"","W"
"","21"
"","8"
"","4"
"","8"
"","50.0"
"","0"
"","0"
"","-"
"","0"
"","0"
"","-"
"","0"
"","3"
"","3"
"","8"
"","1"
"","0"
"","2"
"","2"
"","12"
"","Robert Covington"
"","HOU"
"","08/14/2020"
"","HOU vs. PHI"
"","L"
"","24"
"","5"
"","1"
"","4"
"","25.0"
"","1"
"","4"
"","25.0"
"","2"
"","2"
"","100.0"
"","0"
"","5"
"","5"
"","1"
"","2"
"","2"
"","1"
"","1"
"","-3"
"","Tyler Herro"
"","MIA"
"","08/14/2020"
"","MIA @ IND"
"","L"
"","28"
"","16"
"","6"
"","16"
"","37.5"
"","3"
"","8"
"","37.5"
"","1"
"","1"
"","100.0"
"","1"
"","0"
"","1"
"","3"
"","0"
"","0"
"","3"
"","2"
"","-10"
"","P.J. Tucker"
"","HOU"
"","08/14/2020"
"","HOU vs. PHI"
"","L"
"","29"
"","7"
"","3"
"","6"
"","50.0"
"","1"
"","4"
"","25.0"
"","0"
"","0"
"","-"
"","0"
"","1"
"","1"
"","2"
"","0"
"","1"
"","0"
"","2"
"","-12"
"","Luc Mbah a Moute"
"","HOU"
"","08/14/2020"
"","HOU vs. PHI"
"","L"
"","14"
"","3"
"","1"
"","3"
"","33.3"
"","0"
"","2"
"","0.0"
"","1"
"","2"
"","50.0"
"","0"
"","1"
"","1"
"","0"
"","0"
"","0"
"","0"
"","0"
"","-14"
"","Deonte Burton"
"","OKC"
"","08/14/2020"
"","OKC @ LAC"
"","L"
"","30"
"","6"
"","3"
"","11"
"","27.3"
"","0"
"","4"
"","0.0"
"","0"
"","0"
"","-"
"","1"
"","5"
"","6"
"","5"
"","0"
"","0"
"","4"
"","2"
"","0"
"","TJ Leaf"
"","IND"
"","08/14/2020"
"","IND vs. MIA"
"","W"
"","18"
"","6"
"","3"
"","9"
"","33.3"
"","0"
"","2"
"","0.0"
"","0"
"","1"
"","0.0"
"","0"
"","3"
"","3"
"","1"
"","2"
"","0"
"","0"
"","2"
"","10"
"","Chris Boucher"
"","TOR"
"","08/14/2020"
"","TOR vs. DEN"
"","W"
"","22"
"","9"
"","3"
"","8"
"","37.5"
"","1"
"","3"
"","33.3"
"","2"
"","3"
"","66.7"
"","4"
"","5"
"","9"
"","0"
"","0"
"","1"
"","1"
"","2"
"","5"
"","Alec Burks"
"","PHI"
"","08/14/2020"
"","PHI @ HOU"
"","W"
"","22"
"","16"
"","6"
"","11"
"","54.5"
"","4"
"","6"
"","66.7"
"","0"
"","0"
"","-"
"","2"
"","3"
"","5"
"","5"
"","2"
"","0"
"","0"
"","0"
"","37"
"","Mason Plumlee"
"","DEN"
"","08/14/2020"
"","DEN @ TOR"
"","L"
"","20"
"","10"
"","4"
"","6"
"","66.7"
"","0"
"","0"
"","-"
"","2"
"","3"
"","66.7"
"","1"
"","2"
"","3"
"","2"
"","0"
"","4"
"","0"
"","2"
"","-3"
"","Kyle Alexander"
"","MIA"
"","08/14/2020"
"","MIA @ IND"
"","L"
"","12"
"","2"
"","1"
"","1"
"","100.0"
"","0"
"","0"
"","-"
"","0"
"","0"
"","-"
"","1"
"","1"
"","2"
"","0"
"","0"
"","0"
"","1"
"","1"
"","-3"
"","Derrick Jones Jr."
"","MIA"
"","08/14/2020"
"","MIA @ IND"
"","L"
"","16"
"","3"
"","1"
"","2"
"","50.0"
"","0"
"","0"
"","-"
"","1"
"","2"
"","50.0"
"","2"
"","0"
"","2"
"","2"
"","2"
"","0"
"","0"
"","2"
"","-2"
"","Tobias Harris"
"","PHI"
"","08/14/2020"
"","PHI @ HOU"
"","W"
"","24"
"","18"
"","6"
"","10"
"","60.0"
"","2"
"","3"
"","66.7"
"","4"
"","4"
"","100.0"
"","0"
"","7"
"","7"
"","4"
"","1"
"","0"
"","0"
"","0"
"","2"
"","JaMychal Green"
"","LAC"
"","08/14/2020"
"","LAC vs. OKC"
"","W"
"","27"
"","13"
"","5"
"","11"
"","45.5"
"","3"
"","6"
"","50.0"
"","0"
"","0"
"","-"
"","0"
"","8"
"","8"
"","0"
"","1"
"","0"
"","3"
"","3"
"","-2"
"","Ivica Zubac"
"","LAC"
"","08/14/2020"
"","LAC vs. OKC"
"","W"
"","11"
"","6"
"","2"
"","3"
"","66.7"
"","0"
"","0"
"","-"
"","2"
"","2"
"","100.0"
"","1"
"","3"
"","4"
"","0"
"","0"
"","1"
"","1"
"","1"
"","8"
"","Stanley Johnson"
"","TOR"
"","08/14/2020"
"","TOR vs. DEN"
"","W"
"","29"
"","23"
"","9"
"","16"
"","56.3"
"","4"
"","8"
"","50.0"
"","1"
"","3"
"","33.3"
"","0"
"","4"
"","4"
"","6"
"","1"
"","1"
"","5"
"","5"
"","5"
"","Darius Bazley"
"","OKC"
"","08/14/2020"
"","OKC @ LAC"
"","L"
"","31"
"","9"
"","3"
"","12"
"","25.0"
"","2"
"","5"
"","40.0"
"","1"
"","3"
"","33.3"
"","1"
"","7"
"","8"
"","1"
"","0"
"","2"
"","1"
"","0"
"","7"
"","Patrick Patterson"
"","LAC"
"","08/14/2020"
"","LAC vs. OKC"
"","W"
"","39"
"","17"
"","4"
"","16"
"","25.0"
"","4"
"","11"
"","36.4"
"","5"
"","6"
"","83.3"
"","3"
"","11"
"","14"
"","0"
"","0"
"","0"
"","2"
"","3"
"","-6"
"","Reggie Jackson"
"","LAC"
"","08/14/2020"
"","LAC vs. OKC"
"","W"
"","16"
"","7"
"","2"
"","8"
"","25.0"
"","1"
"","4"
"","25.0"
"","2"
"","2"
"","100.0"
"","0"
"","2"
"","2"
"","3"
"","0"
"","0"
"","3"
"","3"
"","8"
"","Mike Muscala"
"","OKC"
"","08/14/2020"
"","OKC @ LAC"
"","L"
"","14"
"","3"
"","1"
"","3"
"","33.3"
"","1"
"","3"
"","33.3"
"","0"
"","0"
"","-"
"","0"
"","1"
"","1"
"","0"
"","0"
"","1"
"","0"
"","1"
"","-8"
"","Paul Millsap"
"","DEN"
"","08/14/2020"
"","DEN @ TOR"
"","L"
"","16"
"","10"
"","4"
"","8"
"","50.0"
"","2"
"","3"
"","66.7"
"","0"
"","0"
"","-"
"","1"
"","2"
"","3"
"","2"
"","2"
"","1"
"","1"
"","2"
"","-4"
"","PJ Dozier"
"","DEN"
"","08/14/2020"
"","DEN @ TOR"
"","L"
"","31"
"","20"
"","6"
"","9"
"","66.7"
"","5"
"","6"
"","83.3"
"","3"
"","3"
"","100.0"
"","0"
"","5"
"","5"
"","8"
"","2"
"","0"
"","1"
"","0"
"","-5"
"","Udonis Haslem"
"","MIA"
"","08/14/2020"
"","MIA @ IND"
"","L"
"","24"
"","7"
"","3"
"","5"
"","60.0"
"","1"
"","1"
"","100.0"
"","0"
"","0"
"","-"
"","1"
"","7"
"","8"
"","0"
"","0"
"","0"
"","1"
"","3"
"","-5"
"","Chris Clemons"
"","HOU"
"","08/14/2020"
"","HOU vs. PHI"
"","L"
"","17"
"","4"
"","2"
"","7"
"","28.6"
"","0"
"","5"
"","0.0"
"","0"
"","0"
"","-"
"","0"
"","1"
"","1"
"","4"
"","1"
"","1"
"","1"
"","4"
"","-23"
"","Rondae Hollis-Jefferson"
"","TOR"
"","08/14/2020"
"","TOR vs. DEN"
"","W"
"","22"
"","6"
"","3"
"","9"
"","33.3"
"","0"
"","0"
"","-"
"","0"
"","1"
"","0.0"
"","2"
"","4"
"","6"
"","3"
"","0"
"","1"
"","1"
"","1"
"","11"
"","Michael Frazier"
"","HOU"
"","08/14/2020"
"","HOU vs. PHI"
"","L"
"","17"
"","0"
"","0"
"","4"
"","0.0"
"","0"
"","4"
"","0.0"
"","0"
"","0"
"","-"
"","0"
"","1"
"","1"
"","0"
"","0"
"","0"
"","1"
"","1"
"","-23"
"","Chris Silva"
"","MIA"
"","08/14/2020"
"","MIA @ IND"
"","L"
"","24"
"","5"
"","2"
"","4"
"","50.0"
"","0"
"","0"
"","-"
"","1"
"","4"
"","25.0"
"","4"
"","7"
"","11"
"","1"
"","0"
"","3"
"","1"
"","3"
"","-12"
"","Goga Bitadze"
"","IND"
"","08/14/2020"
"","IND vs. MIA"
"","W"
"","16"
"","4"
"","2"
"","5"
"","40.0"
"","0"
"","2"
"","0.0"
"","0"
"","0"
"","-"
"","1"
"","2"
"","3"
"","2"
"","1"
"","2"
"","2"
"","3"
"","9"
"","Devon Hall"
"","OKC"
"","08/14/2020"
"","OKC @ LAC"
"","L"
"","24"
"","12"
"","4"
"","12"
"","33.3"
"","3"
"","6"
"","50.0"
"","1"
"","4"
"","25.0"
"","1"
"","0"
"","1"
"","4"
"","3"
"","0"
"","1"
"","2"
"","-1"
"","Troy Daniels"
"","DEN"
"","08/14/2020"
"","DEN @ TOR"
"","L"
"","28"
"","10"
"","4"
"","11"
"","36.4"
"","2"
"","8"
"","25.0"
"","0"
"","0"
"","-"
"","0"
"","3"
"","3"
"","1"
"","1"
"","0"
"","3"
"","3"
"","-2"
"","Monte Morris"
"","DEN"
"","08/14/2020"
"","DEN @ TOR"
"","L"
"","30"
"","16"
"","4"
"","14"
"","28.6"
"","2"
"","7"
"","28.6"
"","6"
"","6"
"","100.0"
"","0"
"","6"
"","6"
"","4"
"","0"
"","1"
"","2"
"","0"
"","-7"
"","Bol Bol"
"","DEN"
"","08/14/2020"
"","DEN @ TOR"
"","L"
"","15"
"","8"
"","2"
"","6"
"","33.3"
"","0"
"","1"
"","0.0"
"","4"
"","5"
"","80.0"
"","1"
"","3"
"","4"
"","2"
"","0"
"","3"
"","2"
"","2"
"","1"
"","Austin Rivers"
"","HOU"
"","08/14/2020"
"","HOU vs. PHI"
"","L"
"","12"
"","1"
"","0"
"","2"
"","0.0"
"","0"
"","2"
"","0.0"
"","1"
"","2"
"","50.0"
"","0"
"","1"
"","1"
"","0"
"","1"
"","0"
"","1"
"","0"
"","-16"
"","Steven Adams"
"","OKC"
"","08/14/2020"
"","OKC @ LAC"
"","L"
"","6"
"","0"
"","0"
"","2"
"","0.0"
"","0"
"","0"
"","-"
"","0"
"","0"
"","-"
"","2"
"","2"
"","4"
"","0"
"","0"
"","0"
"","1"
"","0"
"","2"
"","Naz Mitrou-Long"
"","IND"
"","08/14/2020"
"","IND vs. MIA"
"","W"
"","2"
"","0"
"","0"
"","0"
"","-"
"","0"
"","0"
"","-"
"","0"
"","0"
"","-"
"","0"
"","0"
"","0"
"","1"
"","0"
"","0"
"","1"
"","1"
"","0"
"","Solomon Hill"
"","MIA"
"","08/14/2020"
"","MIA @ IND"
"","L"
"","41"
"","21"
"","5"
"","13"
"","38.5"
"","1"
"","4"
"","25.0"
"","10"
"","12"
"","83.3"
"","2"
"","5"
"","7"
"","3"
"","1"
"","0"
"","3"
"","2"
"","-8"
"","Marc Gasol"
"","TOR"
"","08/14/2020"
"","TOR vs. DEN"
"","W"
"","17"
"","2"
"","1"
"","3"
"","33.3"
"","0"
"","1"
"","0.0"
"","0"
"","0"
"","-"
"","0"
"","3"
"","3"
"","5"
"","1"
"","1"
"","2"
"","2"
"","-2"
"","Aaron Holiday"
"","IND"
"","08/14/2020"
"","IND vs. MIA"
"","W"
"","17"
"","11"
"","5"
"","7"
"","71.4"
"","1"
"","3"
"","33.3"
"","0"
"","0"
"","-"
"","0"
"","2"
"","2"
"","2"
"","3"
"","0"
"","2"
"","2"
"","2"
"","Kyle O'Quinn"
"","PHI"
"","08/14/2020"
"","PHI @ HOU"
"","W"
"","17"
"","6"
"","3"
"","5"
"","60.0"
"","0"
"","2"
"","0.0"
"","0"
"","0"
"","-"
"","1"
"","5"
"","6"
"","5"
"","0"
"","1"
"","1"
"","1"
"","23"
"","Nerlens Noel"
"","OKC"
"","08/14/2020"
"","OKC @ LAC"
"","L"
"","15"
"","5"
"","2"
"","2"
"","100.0"
"","0"
"","0"
"","-"
"","1"
"","2"
"","50.0"
"","0"
"","1"
"","1"
"","0"
"","0"
"","1"
"","2"
"","3"
"","-1"
"","DeMarre Carroll"
"","HOU"
"","08/14/2020"
"","HOU vs. PHI"
"","L"
"","25"
"","5"
"","2"
"","5"
"","40.0"
"","1"
"","3"
"","33.3"
"","0"
"","0"
"","-"
"","0"
"","4"
"","4"
"","1"
"","1"
"","0"
"","1"
"","2"
"","-29"
"","Jerami Grant"
"","DEN"
"","08/14/2020"
"","DEN @ TOR"
"","L"
"","18"
"","2"
"","1"
"","6"
"","16.7"
"","0"
"","3"
"","0.0"
"","0"
"","0"
"","-"
"","1"
"","1"
"","2"
"","1"
"","0"
"","0"
"","0"
"","0"
"","2"
"","Nikola Jokic"
"","DEN"
"","08/14/2020"
"","DEN @ TOR"
"","L"
"","10"
"","2"
"","1"
"","1"
"","100.0"
"","0"
"","0"
"","-"
"","0"
"","0"
"","-"
"","0"
"","1"
"","1"
"","2"
"","0"
"","0"
"","1"
"","0"
"","-6"
"","Brian Bowen II"
"","IND"
"","08/14/2020"
"","IND vs. MIA"
"","W"
"","2"
"","2"
"","1"
"","1"
"","100.0"
"","0"
"","0"
"","-"
"","0"
"","0"
"","-"
"","0"
"","0"
"","0"
"","0"
"","0"
"","0"
"","0"
"","1"
"","0"
"","Dewan Hernandez"
"","TOR"
"","08/14/2020"
"","TOR vs. DEN"
"","W"
"","13"
"","4"
"","2"
"","6"
"","33.3"
"","0"
"","0"
"","-"
"","0"
"","0"
"","-"
"","3"
"","4"
"","7"
"","1"
"","0"
"","0"
"","1"
"","0"
"","0"
"","Mike Scott"
"","PHI"
"","08/14/2020"
"","PHI @ HOU"
"","W"
"","20"
"","10"
"","3"
"","4"
"","75.0"
"","1"
"","2"
"","50.0"
"","3"
"","4"
"","75.0"
"","1"
"","6"
"","7"
"","3"
"","0"
"","0"
"","0"
"","0"
"","37"
"","Meyers Leonard"
"","MIA"
"","08/14/2020"
"","MIA @ IND"
"","L"
"","29"
"","9"
"","3"
"","7"
"","42.9"
"","2"
"","5"
"","40.0"
"","1"
"","2"
"","50.0"
"","2"
"","5"
"","7"
"","0"
"","0"
"","0"
"","3"
"","0"
"","-10"
"","Furkan Korkmaz"
"","PHI"
"","08/14/2020"
"","PHI @ HOU"
"","W"
"","17"
"","12"
"","4"
"","7"
"","57.1"
"","2"
"","5"
"","40.0"
"","2"
"","2"
"","100.0"
"","0"
"","5"
"","5"
"","1"
"","0"
"","0"
"","2"
"","1"
"","27"
"","Terance Mann"
"","LAC"
"","08/14/2020"
"","LAC vs. OKC"
"","W"
"","42"
"","25"
"","8"
"","12"
"","66.7"
"","1"
"","3"
"","33.3"
"","8"
"","13"
"","61.5"
"","4"
"","10"
"","14"
"","9"
"","2"
"","0"
"","3"
"","5"
"","-7"
"","JaKarr Sampson"
"","IND"
"","08/14/2020"
"","IND vs. MIA"
"","W"
"","23"
"","10"
"","5"
"","9"
"","55.6"
"","0"
"","0"
"","-"
"","0"
"","0"
"","-"
"","1"
"","3"
"","4"
"","2"
"","2"
"","0"
"","2"
"","1"
"","5"
"","Duncan Robinson"
"","MIA"
"","08/14/2020"
"","MIA @ IND"
"","L"
"","13"
"","0"
"","0"
"","3"
"","0.0"
"","0"
"","3"
"","0.0"
"","0"
"","0"
"","-"
"","0"
"","2"
"","2"
"","1"
"","0"
"","0"
"","2"
"","1"
"","-5"
"","Hamidou Diallo"
"","OKC"
"","08/14/2020"
"","OKC @ LAC"
"","L"
"","40"
"","27"
"","10"
"","22"
"","45.5"
"","4"
"","8"
"","50.0"
"","3"
"","5"
"","60.0"
"","4"
"","7"
"","11"
"","1"
"","0"
"","1"
"","2"
"","5"
"","-4"
"","Kendrick Nunn"
"","MIA"
"","08/14/2020"
"","MIA @ IND"
"","L"
"","33"
"","23"
"","8"
"","27"
"","29.6"
"","1"
"","9"
"","11.1"
"","6"
"","6"
"","100.0"
"","1"
"","1"
"","2"
"","4"
"","3"
"","1"
"","5"
"","1"
"","-21"
"","Keita Bates-Diop"
"","DEN"
"","08/14/2020"
"","DEN @ TOR"
"","L"
"","24"
"","11"
"","3"
"","11"
"","27.3"
"","1"
"","4"
"","25.0"
"","4"
"","4"
"","100.0"
"","2"
"","4"
"","6"
"","0"
"","1"
"","2"
"","2"
"","3"
"","-1"
"","Paul Watson"
"","TOR"
"","08/14/2020"
"","TOR vs. DEN"
"","W"
"","27"
"","22"
"","8"
"","13"
"","61.5"
"","4"
"","6"
"","66.7"
"","2"
"","3"
"","66.7"
"","0"
"","6"
"","6"
"","2"
"","1"
"","0"
"","1"
"","2"
"","8"
"","Doug McDermott"
"","IND"
"","08/14/2020"
"","IND vs. MIA"
"","W"
"","22"
"","23"
"","8"
"","16"
"","50.0"
"","5"
"","11"
"","45.5"
"","2"
"","3"
"","66.7"
"","1"
"","3"
"","4"
"","0"
"","1"
"","0"
"","0"
"","2"
"","10"
"","Shake Milton"
"","PHI"
"","08/14/2020"
"","PHI @ HOU"
"","W"
"","19"
"","11"
"","4"
"","7"
"","57.1"
"","3"
"","6"
"","50.0"
"","0"
"","0"
"","-"
"","0"
"","2"
"","2"
"","1"
"","0"
"","0"
"","2"
"","3"
"","-5"
"","Kevin Hervey"
"","OKC"
"","08/14/2020"
"","OKC @ LAC"
"","L"
"","11"
"","5"
"","2"
"","6"
"","33.3"
"","1"
"","5"
"","20.0"
"","0"
"","0"
"","-"
"","1"
"","3"
"","4"
"","1"
"","0"
"","0"
"","0"
"","2"
"","-10"
"","Danilo Gallinari"
"","OKC"
"","08/14/2020"
"","OKC @ LAC"
"","L"
"","9"
"","3"
"","0"
"","3"
"","0.0"
"","0"
"","1"
"","0.0"
"","3"
"","3"
"","100.0"
"","0"
"","1"
"","1"
"","0"
"","0"
"","0"
"","0"
"","2"
"","0"
"","Joakim Noah"
"","LAC"
"","08/14/2020"
"","LAC vs. OKC"
"","W"
"","29"
"","9"
"","4"
"","7"
"","57.1"
"","0"
"","0"
"","-"
"","1"
"","2"
"","50.0"
"","1"
"","5"
"","6"
"","5"
"","1"
"","0"
"","4"
"","1"
"","8"
"","Dennis Schroder"
"","OKC"
"","08/14/2020"
"","OKC @ LAC"
"","L"
"","25"
"","17"
"","6"
"","12"
"","50.0"
"","3"
"","3"
"","100.0"
"","2"
"","2"
"","100.0"
"","0"
"","1"
"","1"
"","4"
"","1"
"","0"
"","2"
"","4"
"","-10"
"","Ish Smith"
"","WAS"
"","08/13/2020"
"","WAS @ BOS"
"","W"
"","31"
"","11"
"","5"
"","13"
"","38.5"
"","0"
"","0"
"","-"
"","1"
"","2"
"","50.0"
"","0"
"","3"
"","3"
"","8"
"","1"
"","2"
"","5"
"","1"
"","8"
"","Frank Mason"
"","MIL"
"","08/13/2020"
"","MIL @ MEM"
"","L"
"","26"
"","18"
"","7"
"","13"
"","53.8"
"","3"
"","6"
"","50.0"
"","1"
"","2"
"","50.0"
"","2"
"","2"
"","4"
"","8"
"","1"
"","1"
"","1"
"","2"
"","5"
"","Royce O'Neale"
"","UTA"
"","08/13/2020"
"","UTA vs. SAS"
"","W"
"","11"
"","2"
"","1"
"","4"
"","25.0"
"","0"
"","2"
"","0.0"
"","0"
"","0"
"","-"
"","0"
"","1"
"","1"
"","0"
"","0"
"","2"
"","0"
"","1"
"","1"
"","Brandon Clarke"
"","MEM"
"","08/13/2020"
"","MEM vs. MIL"
"","W"
"","28"
"","10"
"","4"
"","9"
"","44.4"
"","0"
"","2"
"","0.0"
"","2"
"","4"
"","50.0"
"","0"
"","7"
"","7"
"","1"
"","1"
"","1"
"","2"
"","3"
"","-1"
"","Jevon Carter"
"","PHX"
"","08/13/2020"
"","PHX vs. DAL"
"","W"
"","26"
"","9"
"","3"
"","7"
"","42.9"
"","3"
"","5"
"","60.0"
"","0"
"","0"
"","-"
"","0"
"","2"
"","2"
"","1"
"","1"
"","1"
"","0"
"","1"
"","5"
"","D.J. Augustin"
"","ORL"
"","08/13/2020"
"","ORL vs. NOP"
"","W"
"","22"
"","22"
"","7"
"","10"
"","70.0"
"","1"
"","3"
"","33.3"
"","7"
"","7"
"","100.0"
"","1"
"","3"
"","4"
"","6"
"","0"
"","0"
"","2"
"","5"
"","-5"
"","LeBron James"
"","LAL"
"","08/13/2020"
"","LAL vs. SAC"
"","L"
"","15"
"","17"
"","6"
"","13"
"","46.2"
"","2"
"","5"
"","40.0"
"","3"
"","3"
"","100.0"
"","1"
"","2"
"","3"
"","4"
"","0"
"","0"
"","3"
"","0"
"","-13"
"","Vic Law"
"","ORL"
"","08/13/2020"
"","ORL vs. NOP"
"","W"
"","21"
"","10"
"","4"
"","8"
"","50.0"
"","1"
"","3"
"","33.3"
"","1"
"","2"
"","50.0"
"","0"
"","4"
"","4"
"","1"
"","0"
"","0"
"","1"
"","3"
"","-9"
"","Georges Niang"
"","UTA"
"","08/13/2020"
"","UTA vs. SAS"
"","W"
"","22"
"","13"
"","5"
"","10"
"","50.0"
"","3"
"","8"
"","37.5"
"","0"
"","0"
"","-"
"","1"
"","4"
"","5"
"","2"
"","0"
"","0"
"","1"
"","1"
"","13"
"","Cameron Payne"
"","PHX"
"","08/13/2020"
"","PHX vs. DAL"
"","W"
"","29"
"","15"
"","5"
"","8"
"","62.5"
"","3"
"","5"
"","60.0"
"","2"
"","3"
"","66.7"
"","1"
"","4"
"","5"
"","2"
"","0"
"","0"
"","1"
"","2"
"","20"
"","Nicolo Melli"
"","NOP"
"","08/13/2020"
"","NOP @ ORL"
"","L"
"","25"
"","6"
"","2"
"","6"
"","33.3"
"","1"
"","5"
"","20.0"
"","1"
"","1"
"","100.0"
"","0"
"","5"
"","5"
"","1"
"","0"
"","0"
"","0"
"","1"
"","-11"
"","Gorgui Dieng"
"","MEM"
"","08/13/2020"
"","MEM vs. MIL"
"","W"
"","15"
"","7"
"","1"
"","6"
"","16.7"
"","1"
"","3"
"","33.3"
"","4"
"","4"
"","100.0"
"","1"
"","3"
"","4"
"","1"
"","0"
"","0"
"","1"
"","1"
"","-5"
"","Zylan Cheatham"
"","NOP"
"","08/13/2020"
"","NOP @ ORL"
"","L"
"","20"
"","8"
"","4"
"","4"
"","100.0"
"","0"
"","0"
"","-"
"","0"
"","0"
"","-"
"","2"
"","1"
"","3"
"","1"
"","1"
"","0"
"","1"
"","5"
"","2"
"","Josh Reaves"
"","DAL"
"","08/13/2020"
"","DAL @ PHX"
"","L"
"","13"
"","4"
"","1"
"","4"
"","25.0"
"","0"
"","1"
"","0.0"
"","2"
"","2"
"","100.0"
"","1"
"","1"
"","2"
"","0"
"","0"
"","0"
"","0"
"","3"
"","1"
"","JR Smith"
"","LAL"
"","08/13/2020"
"","LAL vs. SAC"
"","L"
"","25"
"","11"
"","5"
"","10"
"","50.0"
"","1"
"","3"
"","33.3"
"","0"
"","0"
"","-"
"","0"
"","1"
"","1"
"","2"
"","0"
"","0"
"","1"
"","2"
"","-15"
"","Jordan Clarkson"
"","UTA"
"","08/13/2020"
"","UTA vs. SAS"
"","W"
"","14"
"","11"
"","4"
"","12"
"","33.3"
"","3"
"","9"
"","33.3"
"","0"
"","0"
"","-"
"","0"
"","2"
"","2"
"","1"
"","0"
"","0"
"","2"
"","1"
"","12"
"","Jahlil Okafor"
"","NOP"
"","08/13/2020"
"","NOP @ ORL"
"","L"
"","17"
"","8"
"","4"
"","7"
"","57.1"
"","0"
"","1"
"","0.0"
"","0"
"","0"
"","-"
"","1"
"","3"
"","4"
"","0"
"","0"
"","1"
"","1"
"","2"
"","7"
"","Johnathan Williams"
"","WAS"
"","08/13/2020"
"","WAS @ BOS"
"","W"
"","25"
"","5"
"","2"
"","7"
"","28.6"
"","0"
"","0"
"","-"
"","1"
"","2"
"","50.0"
"","7"
"","9"
"","16"
"","1"
"","0"
"","1"
"","1"
"","2"
"","-2"
"","Gary Trent Jr."
"","POR"
"","08/13/2020"
"","POR @ BKN"
"","W"
"","37"
"","16"
"","6"
"","13"
"","46.2"
"","4"
"","10"
"","40.0"
"","0"
"","0"
"","-"
"","0"
"","1"
"","1"
"","1"
"","2"
"","1"
"","1"
"","5"
"","-6"
"","Maxi Kleber"
"","DAL"
"","08/13/2020"
"","DAL @ PHX"
"","L"
"","11"
"","3"
"","1"
"","2"
"","50.0"
"","1"
"","2"
"","50.0"
"","0"
"","0"
"","-"
"","1"
"","0"
"","1"
"","0"
"","0"
"","1"
"","0"
"","1"
"","-18"
"","Mikal Bridges"
"","PHX"
"","08/13/2020"
"","PHX vs. DAL"
"","W"
"","28"
"","14"
"","6"
"","10"
"","60.0"
"","2"
"","4"
"","50.0"
"","0"
"","0"
"","-"
"","0"
"","4"
"","4"
"","3"
"","0"
"","1"
"","1"
"","2"
"","26"
"","De'Anthony Melton"
"","MEM"
"","08/13/2020"
"","MEM vs. MIL"
"","W"
"","20"
"","5"
"","2"
"","6"
"","33.3"
"","0"
"","3"
"","0.0"
"","1"
"","2"
"","50.0"
"","0"
"","2"
"","2"
"","2"
"","0"
"","0"
"","0"
"","1"
"","-12"
"","Rodions Kurucs"
"","BKN"
"","08/13/2020"
"","BKN vs. POR"
"","L"
"","23"
"","8"
"","3"
"","5"
"","60.0"
"","1"
"","2"
"","50.0"
"","1"
"","2"
"","50.0"
"","1"
"","4"
"","5"
"","2"
"","0"
"","1"
"","1"
"","4"
"","4"
"","Nikola Vucevic"
"","ORL"
"","08/13/2020"
"","ORL vs. NOP"
"","W"
"","26"
"","23"
"","10"
"","11"
"","90.9"
"","3"
"","4"
"","75.0"
"","0"
"","0"
"","-"
"","0"
"","6"
"","6"
"","3"
"","1"
"","0"
"","0"
"","0"
"","18"
"","Nigel Williams-Goss"
"","UTA"
"","08/13/2020"
"","UTA vs. SAS"
"","W"
"","22"
"","10"
"","4"
"","9"
"","44.4"
"","2"
"","5"
"","40.0"
"","0"
"","0"
"","-"
"","0"
"","1"
"","1"
"","1"
"","2"
"","0"
"","1"
"","4"
"","-4"
"","Trey Burke"
"","DAL"
"","08/13/2020"
"","DAL @ PHX"
"","L"
"","19"
"","7"
"","3"
"","8"
"","37.5"
"","1"
"","3"
"","33.3"
"","0"
"","0"
"","-"
"","0"
"","1"
"","1"
"","3"
"","1"
"","0"
"","1"
"","0"
"","-8"